"Date","AQS_SITE_ID","POC","Daily Mean PM2.5 Concentration","UNITS","DAILY_AQI_VALUE","DAILY_OBS_COUNT","PERCENT_COMPLETE","AQS_PARAMETER_CODE","AQS_PARAMETER_DESC","CBSA_CODE","CBSA_NAME","STATE_CODE","STATE","COUNTY_CODE","COUNTY","SITE_LATITUDE","SITE_LONGITUDE"
"01/01/2005","490353006","1","8.6","ug/m3 LC","36","1","100.0000","88101","PM2.5 - Local Conditions","41620","Salt Lake City, UT","49","Utah","035","Salt Lake","40.736389","-111.872222"
"01/02/2005","490353006","1","10.1","ug/m3 LC","42","1","100.0000","88101","PM2.5 - Local Conditions","41620","Salt Lake City, UT","49","Utah","035","Salt Lake","40.736389","-111.872222"
"01/03/2005","490353006","1","14.4","ug/m3 LC","56","1","100.0000","88101","PM2.5 - Local Conditions","41620","Salt Lake City, UT","49","Utah","035","Salt Lake","40.736389","-111.872222"
"01/04/2005","490353006","1","12.8","ug/m3 LC","52","1","100.0000","88101","PM2.5 - Local Conditions","41620","Salt Lake City, UT","49","Utah","035","Salt Lake","40.736389","-111.872222"
"01/05/2005","490353006","1","7.2","ug/m3 LC","30","1","100.0000","88101","PM2.5 - Local Conditions","41620","Salt Lake City, UT","49","Utah","035","Salt Lake","40.736389","-111.872222"
"01/06/2005","490353006","1","12.9","ug/m3 LC","53","1","100.0000","88101","PM2.5 - Local Conditions","41620","Salt Lake City, UT","49","Utah","035","Salt Lake","40.736389","-111.872222"
"01/07/2005","490353006","1","6.9","ug/m3 LC","29","1","100.0000","88101","PM2.5 - Local Conditions","41620","Salt Lake City, UT","49","Utah","035","Salt Lake","40.736389","-111.872222"
"01/08/2005","490353006","1","1","ug/m3 LC","4","1","100.0000","88101","PM2.5 - Local Conditions","41620","Salt Lake City, UT","49","Utah","035","Salt Lake","40.736389","-111.872222"
"01/09/2005","490353006","1","1.6","ug/m3 LC","7","1","100.0000","88101","PM2.5 - Local Conditions","41620","Salt Lake City, UT","49","Utah","035","Salt Lake","40.736389","-111.872222"
"01/10/2005","490353006","1","11.5","ug/m3 LC","48","1","100.0000","88101","PM2.5 - Local Conditions","41620","Salt Lake City, UT","49","Utah","035","Salt Lake","40.736389","-111.872222"
"01/11/2005","490353006","1","5.2","ug/m3 LC","22","1","100.0000","88101","PM2.5 - Local Conditions","41620","Salt Lake City, UT","49","Utah","035","Salt Lake","40.736389","-111.872222"
"01/12/2005","490353006","1","7.1","ug/m3 LC","30","1","100.0000","88101","PM2.5 - Local Conditions","41620","Salt Lake City, UT","49","Utah","035","Salt Lake","40.736389","-111.872222"
"01/13/2005","490353006","1","7.3","ug/m3 LC","30","1","100.0000","88101","PM2.5 - Local Conditions","41620","Salt Lake City, UT","49","Utah","035","Salt Lake","40.736389","-111.872222"
"01/14/2005","490353006","1","15.9","ug/m3 LC","59","1","100.0000","88101","PM2.5 - Local Conditions","41620","Salt Lake City, UT","49","Utah","035","Salt Lake","40.736389","-111.872222"
"01/15/2005","490353006","1","35.7","ug/m3 LC","101","1","100.0000","88101","PM2.5 - Local Conditions","41620","Salt Lake City, UT","49","Utah","035","Salt Lake","40.736389","-111.872222"
"01/16/2005","490353006","1","38.3","ug/m3 LC","108","1","100.0000","88101","PM2.5 - Local Conditions","41620","Salt Lake City, UT","49","Utah","035","Salt Lake","40.736389","-111.872222"
"01/17/2005","490353006","1","34.2","ug/m3 LC","97","1","100.0000","88101","PM2.5 - Local Conditions","41620","Salt Lake City, UT","49","Utah","035","Salt Lake","40.736389","-111.872222"
"01/18/2005","490353006","1","32.6","ug/m3 LC","94","1","100.0000","88101","PM2.5 - Local Conditions","41620","Salt Lake City, UT","49","Utah","035","Salt Lake","40.736389","-111.872222"
"01/19/2005","490353006","1","38.2","ug/m3 LC","108","1","100.0000","88101","PM2.5 - Local Conditions","41620","Salt Lake City, UT","49","Utah","035","Salt Lake","40.736389","-111.872222"
"01/20/2005","490353006","1","45.3","ug/m3 LC","125","1","100.0000","88101","PM2.5 - Local Conditions","41620","Salt Lake City, UT","49","Utah","035","Salt Lake","40.736389","-111.872222"
"01/21/2005","490353006","1","34.8","ug/m3 LC","99","1","100.0000","88101","PM2.5 - Local Conditions","41620","Salt Lake City, UT","49","Utah","035","Salt Lake","40.736389","-111.872222"
"01/22/2005","490353006","1","36.1","ug/m3 LC","102","1","100.0000","88101","PM2.5 - Local Conditions","41620","Salt Lake City, UT","49","Utah","035","Salt Lake","40.736389","-111.872222"
"01/23/2005","490353006","1","45.6","ug/m3 LC","126","1","100.0000","88101","PM2.5 - Local Conditions","41620","Salt Lake City, UT","49","Utah","035","Salt Lake","40.736389","-111.872222"
"01/24/2005","490353006","1","39.4","ug/m3 LC","111","1","100.0000","88101","PM2.5 - Local Conditions","41620","Salt Lake City, UT","49","Utah","035","Salt Lake","40.736389","-111.872222"
"01/25/2005","490353006","1","39.7","ug/m3 LC","111","1","100.0000","88101","PM2.5 - Local Conditions","41620","Salt Lake City, UT","49","Utah","035","Salt Lake","40.736389","-111.872222"
"01/26/2005","490353006","1","41.5","ug/m3 LC","116","1","100.0000","88101","PM2.5 - Local Conditions","41620","Salt Lake City, UT","49","Utah","035","Salt Lake","40.736389","-111.872222"
"01/27/2005","490353006","1","22.2","ug/m3 LC","72","1","100.0000","88101","PM2.5 - Local Conditions","41620","Salt Lake City, UT","49","Utah","035","Salt Lake","40.736389","-111.872222"
"01/28/2005","490353006","1","13.4","ug/m3 LC","54","1","100.0000","88101","PM2.5 - Local Conditions","41620","Salt Lake City, UT","49","Utah","035","Salt Lake","40.736389","-111.872222"
"01/29/2005","490353006","1","15.4","ug/m3 LC","58","1","100.0000","88101","PM2.5 - Local Conditions","41620","Salt Lake City, UT","49","Utah","035","Salt Lake","40.736389","-111.872222"
"01/30/2005","490353006","1","7.2","ug/m3 LC","30","1","100.0000","88101","PM2.5 - Local Conditions","41620","Salt Lake City, UT","49","Utah","035","Salt Lake","40.736389","-111.872222"
"01/31/2005","490353006","1","11.9","ug/m3 LC","50","1","100.0000","88101","PM2.5 - Local Conditions","41620","Salt Lake City, UT","49","Utah","035","Salt Lake","40.736389","-111.872222"
"02/01/2005","490353006","1","10.9","ug/m3 LC","45","1","100.0000","88101","PM2.5 - Local Conditions","41620","Salt Lake City, UT","49","Utah","035","Salt Lake","40.736389","-111.872222"
"02/02/2005","490353006","1","16.4","ug/m3 LC","60","1","100.0000","88101","PM2.5 - Local Conditions","41620","Salt Lake City, UT","49","Utah","035","Salt Lake","40.736389","-111.872222"
"02/03/2005","490353006","1","25.7","ug/m3 LC","80","1","100.0000","88101","PM2.5 - Local Conditions","41620","Salt Lake City, UT","49","Utah","035","Salt Lake","40.736389","-111.872222"
"02/04/2005","490353006","1","29.9","ug/m3 LC","88","1","100.0000","88101","PM2.5 - Local Conditions","41620","Salt Lake City, UT","49","Utah","035","Salt Lake","40.736389","-111.872222"
"02/05/2005","490353006","1","17.2","ug/m3 LC","62","1","100.0000","88101","PM2.5 - Local Conditions","41620","Salt Lake City, UT","49","Utah","035","Salt Lake","40.736389","-111.872222"
"02/06/2005","490353006","1","10.4","ug/m3 LC","43","1","100.0000","88101","PM2.5 - Local Conditions","41620","Salt Lake City, UT","49","Utah","035","Salt Lake","40.736389","-111.872222"
"02/07/2005","490353006","1","14","ug/m3 LC","55","1","100.0000","88101","PM2.5 - Local Conditions","41620","Salt Lake City, UT","49","Utah","035","Salt Lake","40.736389","-111.872222"
"02/08/2005","490353006","1","12.2","ug/m3 LC","51","1","100.0000","88101","PM2.5 - Local Conditions","41620","Salt Lake City, UT","49","Utah","035","Salt Lake","40.736389","-111.872222"
"02/09/2005","490353006","1","18.6","ug/m3 LC","65","1","100.0000","88101","PM2.5 - Local Conditions","41620","Salt Lake City, UT","49","Utah","035","Salt Lake","40.736389","-111.872222"
"02/10/2005","490353006","1","32.4","ug/m3 LC","94","1","100.0000","88101","PM2.5 - Local Conditions","41620","Salt Lake City, UT","49","Utah","035","Salt Lake","40.736389","-111.872222"
"02/12/2005","490353006","1","35.5","ug/m3 LC","101","1","100.0000","88101","PM2.5 - Local Conditions","41620","Salt Lake City, UT","49","Utah","035","Salt Lake","40.736389","-111.872222"
"02/13/2005","490353006","1","9.4","ug/m3 LC","39","1","100.0000","88101","PM2.5 - Local Conditions","41620","Salt Lake City, UT","49","Utah","035","Salt Lake","40.736389","-111.872222"
"02/14/2005","490353006","1","6.2","ug/m3 LC","26","1","100.0000","88101","PM2.5 - Local Conditions","41620","Salt Lake City, UT","49","Utah","035","Salt Lake","40.736389","-111.872222"
"02/15/2005","490353006","1","5.4","ug/m3 LC","23","1","100.0000","88101","PM2.5 - Local Conditions","41620","Salt Lake City, UT","49","Utah","035","Salt Lake","40.736389","-111.872222"
"02/16/2005","490353006","1","15.8","ug/m3 LC","59","1","100.0000","88101","PM2.5 - Local Conditions","41620","Salt Lake City, UT","49","Utah","035","Salt Lake","40.736389","-111.872222"
"02/18/2005","490353006","1","36.2","ug/m3 LC","103","1","100.0000","88101","PM2.5 - Local Conditions","41620","Salt Lake City, UT","49","Utah","035","Salt Lake","40.736389","-111.872222"
"02/19/2005","490353006","1","6","ug/m3 LC","25","1","100.0000","88101","PM2.5 - Local Conditions","41620","Salt Lake City, UT","49","Utah","035","Salt Lake","40.736389","-111.872222"
"02/20/2005","490353006","1","2.2","ug/m3 LC","9","1","100.0000","88101","PM2.5 - Local Conditions","41620","Salt Lake City, UT","49","Utah","035","Salt Lake","40.736389","-111.872222"
"02/21/2005","490353006","1","6.4","ug/m3 LC","27","1","100.0000","88101","PM2.5 - Local Conditions","41620","Salt Lake City, UT","49","Utah","035","Salt Lake","40.736389","-111.872222"
"02/22/2005","490353006","1","11","ug/m3 LC","46","1","100.0000","88101","PM2.5 - Local Conditions","41620","Salt Lake City, UT","49","Utah","035","Salt Lake","40.736389","-111.872222"
"02/23/2005","490353006","1","4.3","ug/m3 LC","18","1","100.0000","88101","PM2.5 - Local Conditions","41620","Salt Lake City, UT","49","Utah","035","Salt Lake","40.736389","-111.872222"
"02/24/2005","490353006","1","8.6","ug/m3 LC","36","1","100.0000","88101","PM2.5 - Local Conditions","41620","Salt Lake City, UT","49","Utah","035","Salt Lake","40.736389","-111.872222"
"02/25/2005","490353006","1","12.9","ug/m3 LC","53","1","100.0000","88101","PM2.5 - Local Conditions","41620","Salt Lake City, UT","49","Utah","035","Salt Lake","40.736389","-111.872222"
"02/26/2005","490353006","1","12.9","ug/m3 LC","53","1","100.0000","88101","PM2.5 - Local Conditions","41620","Salt Lake City, UT","49","Utah","035","Salt Lake","40.736389","-111.872222"
"02/27/2005","490353006","1","10","ug/m3 LC","42","1","100.0000","88101","PM2.5 - Local Conditions","41620","Salt Lake City, UT","49","Utah","035","Salt Lake","40.736389","-111.872222"
"02/28/2005","490353006","1","11.6","ug/m3 LC","48","1","100.0000","88101","PM2.5 - Local Conditions","41620","Salt Lake City, UT","49","Utah","035","Salt Lake","40.736389","-111.872222"
"03/01/2005","490353006","1","11.5","ug/m3 LC","48","1","100.0000","88101","PM2.5 - Local Conditions","41620","Salt Lake City, UT","49","Utah","035","Salt Lake","40.736389","-111.872222"
"03/02/2005","490353006","1","8.3","ug/m3 LC","35","1","100.0000","88101","PM2.5 - Local Conditions","41620","Salt Lake City, UT","49","Utah","035","Salt Lake","40.736389","-111.872222"
"03/03/2005","490353006","1","10.5","ug/m3 LC","44","1","100.0000","88101","PM2.5 - Local Conditions","41620","Salt Lake City, UT","49","Utah","035","Salt Lake","40.736389","-111.872222"
"03/04/2005","490353006","1","13.2","ug/m3 LC","53","1","100.0000","88101","PM2.5 - Local Conditions","41620","Salt Lake City, UT","49","Utah","035","Salt Lake","40.736389","-111.872222"
"03/05/2005","490353006","1","18.5","ug/m3 LC","64","1","100.0000","88101","PM2.5 - Local Conditions","41620","Salt Lake City, UT","49","Utah","035","Salt Lake","40.736389","-111.872222"
"03/06/2005","490353006","1","10.9","ug/m3 LC","45","1","100.0000","88101","PM2.5 - Local Conditions","41620","Salt Lake City, UT","49","Utah","035","Salt Lake","40.736389","-111.872222"
"03/07/2005","490353006","1","7.5","ug/m3 LC","31","1","100.0000","88101","PM2.5 - Local Conditions","41620","Salt Lake City, UT","49","Utah","035","Salt Lake","40.736389","-111.872222"
"03/08/2005","490353006","1","5.5","ug/m3 LC","23","1","100.0000","88101","PM2.5 - Local Conditions","41620","Salt Lake City, UT","49","Utah","035","Salt Lake","40.736389","-111.872222"
"03/09/2005","490353006","1","6.5","ug/m3 LC","27","1","100.0000","88101","PM2.5 - Local Conditions","41620","Salt Lake City, UT","49","Utah","035","Salt Lake","40.736389","-111.872222"
"03/10/2005","490353006","1","6.5","ug/m3 LC","27","1","100.0000","88101","PM2.5 - Local Conditions","41620","Salt Lake City, UT","49","Utah","035","Salt Lake","40.736389","-111.872222"
"03/11/2005","490353006","1","6.3","ug/m3 LC","26","1","100.0000","88101","PM2.5 - Local Conditions","41620","Salt Lake City, UT","49","Utah","035","Salt Lake","40.736389","-111.872222"
"03/12/2005","490353006","1","6.7","ug/m3 LC","28","1","100.0000","88101","PM2.5 - Local Conditions","41620","Salt Lake City, UT","49","Utah","035","Salt Lake","40.736389","-111.872222"
"03/13/2005","490353006","1","2.4","ug/m3 LC","10","1","100.0000","88101","PM2.5 - Local Conditions","41620","Salt Lake City, UT","49","Utah","035","Salt Lake","40.736389","-111.872222"
"03/14/2005","490353006","1","3.4","ug/m3 LC","14","1","100.0000","88101","PM2.5 - Local Conditions","41620","Salt Lake City, UT","49","Utah","035","Salt Lake","40.736389","-111.872222"
"03/15/2005","490353006","1","4.9","ug/m3 LC","20","1","100.0000","88101","PM2.5 - Local Conditions","41620","Salt Lake City, UT","49","Utah","035","Salt Lake","40.736389","-111.872222"
"03/16/2005","490353006","1","6.5","ug/m3 LC","27","1","100.0000","88101","PM2.5 - Local Conditions","41620","Salt Lake City, UT","49","Utah","035","Salt Lake","40.736389","-111.872222"
"03/17/2005","490353006","1","6.7","ug/m3 LC","28","1","100.0000","88101","PM2.5 - Local Conditions","41620","Salt Lake City, UT","49","Utah","035","Salt Lake","40.736389","-111.872222"
"03/18/2005","490353006","1","4.2","ug/m3 LC","18","1","100.0000","88101","PM2.5 - Local Conditions","41620","Salt Lake City, UT","49","Utah","035","Salt Lake","40.736389","-111.872222"
"03/19/2005","490353006","1","5.7","ug/m3 LC","24","1","100.0000","88101","PM2.5 - Local Conditions","41620","Salt Lake City, UT","49","Utah","035","Salt Lake","40.736389","-111.872222"
"03/20/2005","490353006","1","3.3","ug/m3 LC","14","1","100.0000","88101","PM2.5 - Local Conditions","41620","Salt Lake City, UT","49","Utah","035","Salt Lake","40.736389","-111.872222"
"03/21/2005","490353006","1","3.1","ug/m3 LC","13","1","100.0000","88101","PM2.5 - Local Conditions","41620","Salt Lake City, UT","49","Utah","035","Salt Lake","40.736389","-111.872222"
"03/22/2005","490353006","1","2.9","ug/m3 LC","12","1","100.0000","88101","PM2.5 - Local Conditions","41620","Salt Lake City, UT","49","Utah","035","Salt Lake","40.736389","-111.872222"
"03/23/2005","490353006","1","1.8","ug/m3 LC","8","1","100.0000","88101","PM2.5 - Local Conditions","41620","Salt Lake City, UT","49","Utah","035","Salt Lake","40.736389","-111.872222"
"03/24/2005","490353006","1","4.1","ug/m3 LC","17","1","100.0000","88101","PM2.5 - Local Conditions","41620","Salt Lake City, UT","49","Utah","035","Salt Lake","40.736389","-111.872222"
"03/25/2005","490353006","1","5.4","ug/m3 LC","23","1","100.0000","88101","PM2.5 - Local Conditions","41620","Salt Lake City, UT","49","Utah","035","Salt Lake","40.736389","-111.872222"
"03/26/2005","490353006","1","5.1","ug/m3 LC","21","1","100.0000","88101","PM2.5 - Local Conditions","41620","Salt Lake City, UT","49","Utah","035","Salt Lake","40.736389","-111.872222"
"03/27/2005","490353006","1","3.9","ug/m3 LC","16","1","100.0000","88101","PM2.5 - Local Conditions","41620","Salt Lake City, UT","49","Utah","035","Salt Lake","40.736389","-111.872222"
"03/28/2005","490353006","1","3.1","ug/m3 LC","13","1","100.0000","88101","PM2.5 - Local Conditions","41620","Salt Lake City, UT","49","Utah","035","Salt Lake","40.736389","-111.872222"
"03/29/2005","490353006","1","4.8","ug/m3 LC","20","1","100.0000","88101","PM2.5 - Local Conditions","41620","Salt Lake City, UT","49","Utah","035","Salt Lake","40.736389","-111.872222"
"03/30/2005","490353006","1","2.4","ug/m3 LC","10","1","100.0000","88101","PM2.5 - Local Conditions","41620","Salt Lake City, UT","49","Utah","035","Salt Lake","40.736389","-111.872222"
"03/31/2005","490353006","1","6.1","ug/m3 LC","25","1","100.0000","88101","PM2.5 - Local Conditions","41620","Salt Lake City, UT","49","Utah","035","Salt Lake","40.736389","-111.872222"
"04/01/2005","490353006","1","6.8","ug/m3 LC","28","1","100.0000","88101","PM2.5 - Local Conditions","41620","Salt Lake City, UT","49","Utah","035","Salt Lake","40.736389","-111.872222"
"04/02/2005","490353006","1","5.5","ug/m3 LC","23","1","100.0000","88101","PM2.5 - Local Conditions","41620","Salt Lake City, UT","49","Utah","035","Salt Lake","40.736389","-111.872222"
"04/03/2005","490353006","1","5.2","ug/m3 LC","22","1","100.0000","88101","PM2.5 - Local Conditions","41620","Salt Lake City, UT","49","Utah","035","Salt Lake","40.736389","-111.872222"
"04/04/2005","490353006","1","3.9","ug/m3 LC","16","1","100.0000","88101","PM2.5 - Local Conditions","41620","Salt Lake City, UT","49","Utah","035","Salt Lake","40.736389","-111.872222"
"04/05/2005","490353006","1","4.2","ug/m3 LC","18","1","100.0000","88101","PM2.5 - Local Conditions","41620","Salt Lake City, UT","49","Utah","035","Salt Lake","40.736389","-111.872222"
"04/06/2005","490353006","1","14","ug/m3 LC","55","1","100.0000","88101","PM2.5 - Local Conditions","41620","Salt Lake City, UT","49","Utah","035","Salt Lake","40.736389","-111.872222"
"04/07/2005","490353006","1","6.6","ug/m3 LC","28","1","100.0000","88101","PM2.5 - Local Conditions","41620","Salt Lake City, UT","49","Utah","035","Salt Lake","40.736389","-111.872222"
"04/08/2005","490353006","1","3.7","ug/m3 LC","15","1","100.0000","88101","PM2.5 - Local Conditions","41620","Salt Lake City, UT","49","Utah","035","Salt Lake","40.736389","-111.872222"
"04/09/2005","490353006","1","2.7","ug/m3 LC","11","1","100.0000","88101","PM2.5 - Local Conditions","41620","Salt Lake City, UT","49","Utah","035","Salt Lake","40.736389","-111.872222"
"04/10/2005","490353006","1","2.9","ug/m3 LC","12","1","100.0000","88101","PM2.5 - Local Conditions","41620","Salt Lake City, UT","49","Utah","035","Salt Lake","40.736389","-111.872222"
"04/11/2005","490353006","1","4.9","ug/m3 LC","20","1","100.0000","88101","PM2.5 - Local Conditions","41620","Salt Lake City, UT","49","Utah","035","Salt Lake","40.736389","-111.872222"
"04/12/2005","490353006","1","6.4","ug/m3 LC","27","1","100.0000","88101","PM2.5 - Local Conditions","41620","Salt Lake City, UT","49","Utah","035","Salt Lake","40.736389","-111.872222"
"04/13/2005","490353006","1","9.4","ug/m3 LC","39","1","100.0000","88101","PM2.5 - Local Conditions","41620","Salt Lake City, UT","49","Utah","035","Salt Lake","40.736389","-111.872222"
"04/14/2005","490353006","1","2.2","ug/m3 LC","9","1","100.0000","88101","PM2.5 - Local Conditions","41620","Salt Lake City, UT","49","Utah","035","Salt Lake","40.736389","-111.872222"
"04/15/2005","490353006","1","6.7","ug/m3 LC","28","1","100.0000","88101","PM2.5 - Local Conditions","41620","Salt Lake City, UT","49","Utah","035","Salt Lake","40.736389","-111.872222"
"04/16/2005","490353006","1","9.5","ug/m3 LC","40","1","100.0000","88101","PM2.5 - Local Conditions","41620","Salt Lake City, UT","49","Utah","035","Salt Lake","40.736389","-111.872222"
"04/17/2005","490353006","1","9.3","ug/m3 LC","39","1","100.0000","88101","PM2.5 - Local Conditions","41620","Salt Lake City, UT","49","Utah","035","Salt Lake","40.736389","-111.872222"
"04/18/2005","490353006","1","7.7","ug/m3 LC","32","1","100.0000","88101","PM2.5 - Local Conditions","41620","Salt Lake City, UT","49","Utah","035","Salt Lake","40.736389","-111.872222"
"04/19/2005","490353006","1","8.7","ug/m3 LC","36","1","100.0000","88101","PM2.5 - Local Conditions","41620","Salt Lake City, UT","49","Utah","035","Salt Lake","40.736389","-111.872222"
"04/20/2005","490353006","1","1.7","ug/m3 LC","7","1","100.0000","88101","PM2.5 - Local Conditions","41620","Salt Lake City, UT","49","Utah","035","Salt Lake","40.736389","-111.872222"
"04/21/2005","490353006","1","4.2","ug/m3 LC","18","1","100.0000","88101","PM2.5 - Local Conditions","41620","Salt Lake City, UT","49","Utah","035","Salt Lake","40.736389","-111.872222"
"04/22/2005","490353006","1","7.2","ug/m3 LC","30","1","100.0000","88101","PM2.5 - Local Conditions","41620","Salt Lake City, UT","49","Utah","035","Salt Lake","40.736389","-111.872222"
"04/23/2005","490353006","1","4.8","ug/m3 LC","20","1","100.0000","88101","PM2.5 - Local Conditions","41620","Salt Lake City, UT","49","Utah","035","Salt Lake","40.736389","-111.872222"
"04/24/2005","490353006","1","4.6","ug/m3 LC","19","1","100.0000","88101","PM2.5 - Local Conditions","41620","Salt Lake City, UT","49","Utah","035","Salt Lake","40.736389","-111.872222"
"04/25/2005","490353006","1","4.9","ug/m3 LC","20","1","100.0000","88101","PM2.5 - Local Conditions","41620","Salt Lake City, UT","49","Utah","035","Salt Lake","40.736389","-111.872222"
"04/26/2005","490353006","1","7.5","ug/m3 LC","31","1","100.0000","88101","PM2.5 - Local Conditions","41620","Salt Lake City, UT","49","Utah","035","Salt Lake","40.736389","-111.872222"
"04/27/2005","490353006","1","5.7","ug/m3 LC","24","1","100.0000","88101","PM2.5 - Local Conditions","41620","Salt Lake City, UT","49","Utah","035","Salt Lake","40.736389","-111.872222"
"04/28/2005","490353006","1","4.8","ug/m3 LC","20","1","100.0000","88101","PM2.5 - Local Conditions","41620","Salt Lake City, UT","49","Utah","035","Salt Lake","40.736389","-111.872222"
"04/29/2005","490353006","1","4.5","ug/m3 LC","19","1","100.0000","88101","PM2.5 - Local Conditions","41620","Salt Lake City, UT","49","Utah","035","Salt Lake","40.736389","-111.872222"
"04/30/2005","490353006","1","4.5","ug/m3 LC","19","1","100.0000","88101","PM2.5 - Local Conditions","41620","Salt Lake City, UT","49","Utah","035","Salt Lake","40.736389","-111.872222"
"05/01/2005","490353006","1","4.5","ug/m3 LC","19","1","100.0000","88101","PM2.5 - Local Conditions","41620","Salt Lake City, UT","49","Utah","035","Salt Lake","40.736389","-111.872222"
"05/02/2005","490353006","1","5.4","ug/m3 LC","23","1","100.0000","88101","PM2.5 - Local Conditions","41620","Salt Lake City, UT","49","Utah","035","Salt Lake","40.736389","-111.872222"
"05/03/2005","490353006","1","6.4","ug/m3 LC","27","1","100.0000","88101","PM2.5 - Local Conditions","41620","Salt Lake City, UT","49","Utah","035","Salt Lake","40.736389","-111.872222"
"05/04/2005","490353006","1","5.2","ug/m3 LC","22","1","100.0000","88101","PM2.5 - Local Conditions","41620","Salt Lake City, UT","49","Utah","035","Salt Lake","40.736389","-111.872222"
"05/05/2005","490353006","1","6.8","ug/m3 LC","28","1","100.0000","88101","PM2.5 - Local Conditions","41620","Salt Lake City, UT","49","Utah","035","Salt Lake","40.736389","-111.872222"
"05/06/2005","490353006","1","5.7","ug/m3 LC","24","1","100.0000","88101","PM2.5 - Local Conditions","41620","Salt Lake City, UT","49","Utah","035","Salt Lake","40.736389","-111.872222"
"05/07/2005","490353006","1","3","ug/m3 LC","13","1","100.0000","88101","PM2.5 - Local Conditions","41620","Salt Lake City, UT","49","Utah","035","Salt Lake","40.736389","-111.872222"
"05/08/2005","490353006","1","2.9","ug/m3 LC","12","1","100.0000","88101","PM2.5 - Local Conditions","41620","Salt Lake City, UT","49","Utah","035","Salt Lake","40.736389","-111.872222"
"05/09/2005","490353006","1","7","ug/m3 LC","29","1","100.0000","88101","PM2.5 - Local Conditions","41620","Salt Lake City, UT","49","Utah","035","Salt Lake","40.736389","-111.872222"
"05/10/2005","490353006","1","7.2","ug/m3 LC","30","1","100.0000","88101","PM2.5 - Local Conditions","41620","Salt Lake City, UT","49","Utah","035","Salt Lake","40.736389","-111.872222"
"05/11/2005","490353006","1","1.8","ug/m3 LC","8","1","100.0000","88101","PM2.5 - Local Conditions","41620","Salt Lake City, UT","49","Utah","035","Salt Lake","40.736389","-111.872222"
"05/12/2005","490353006","1","2.4","ug/m3 LC","10","1","100.0000","88101","PM2.5 - Local Conditions","41620","Salt Lake City, UT","49","Utah","035","Salt Lake","40.736389","-111.872222"
"05/13/2005","490353006","1","5.5","ug/m3 LC","23","1","100.0000","88101","PM2.5 - Local Conditions","41620","Salt Lake City, UT","49","Utah","035","Salt Lake","40.736389","-111.872222"
"05/14/2005","490353006","1","8.7","ug/m3 LC","36","1","100.0000","88101","PM2.5 - Local Conditions","41620","Salt Lake City, UT","49","Utah","035","Salt Lake","40.736389","-111.872222"
"05/15/2005","490353006","1","7.4","ug/m3 LC","31","1","100.0000","88101","PM2.5 - Local Conditions","41620","Salt Lake City, UT","49","Utah","035","Salt Lake","40.736389","-111.872222"
"05/16/2005","490353006","1","6.7","ug/m3 LC","28","1","100.0000","88101","PM2.5 - Local Conditions","41620","Salt Lake City, UT","49","Utah","035","Salt Lake","40.736389","-111.872222"
"05/17/2005","490353006","1","2.7","ug/m3 LC","11","1","100.0000","88101","PM2.5 - Local Conditions","41620","Salt Lake City, UT","49","Utah","035","Salt Lake","40.736389","-111.872222"
"05/18/2005","490353006","1","4.5","ug/m3 LC","19","1","100.0000","88101","PM2.5 - Local Conditions","41620","Salt Lake City, UT","49","Utah","035","Salt Lake","40.736389","-111.872222"
"05/19/2005","490353006","1","5.7","ug/m3 LC","24","1","100.0000","88101","PM2.5 - Local Conditions","41620","Salt Lake City, UT","49","Utah","035","Salt Lake","40.736389","-111.872222"
"05/20/2005","490353006","1","7.9","ug/m3 LC","33","1","100.0000","88101","PM2.5 - Local Conditions","41620","Salt Lake City, UT","49","Utah","035","Salt Lake","40.736389","-111.872222"
"05/21/2005","490353006","1","5.6","ug/m3 LC","23","1","100.0000","88101","PM2.5 - Local Conditions","41620","Salt Lake City, UT","49","Utah","035","Salt Lake","40.736389","-111.872222"
"05/22/2005","490353006","1","10.7","ug/m3 LC","45","1","100.0000","88101","PM2.5 - Local Conditions","41620","Salt Lake City, UT","49","Utah","035","Salt Lake","40.736389","-111.872222"
"05/23/2005","490353006","1","6.7","ug/m3 LC","28","1","100.0000","88101","PM2.5 - Local Conditions","41620","Salt Lake City, UT","49","Utah","035","Salt Lake","40.736389","-111.872222"
"05/24/2005","490353006","1","5.6","ug/m3 LC","23","1","100.0000","88101","PM2.5 - Local Conditions","41620","Salt Lake City, UT","49","Utah","035","Salt Lake","40.736389","-111.872222"
"05/25/2005","490353006","1","6","ug/m3 LC","25","1","100.0000","88101","PM2.5 - Local Conditions","41620","Salt Lake City, UT","49","Utah","035","Salt Lake","40.736389","-111.872222"
"05/26/2005","490353006","1","7.1","ug/m3 LC","30","1","100.0000","88101","PM2.5 - Local Conditions","41620","Salt Lake City, UT","49","Utah","035","Salt Lake","40.736389","-111.872222"
"05/27/2005","490353006","1","8.1","ug/m3 LC","34","1","100.0000","88101","PM2.5 - Local Conditions","41620","Salt Lake City, UT","49","Utah","035","Salt Lake","40.736389","-111.872222"
"05/28/2005","490353006","1","9","ug/m3 LC","38","1","100.0000","88101","PM2.5 - Local Conditions","41620","Salt Lake City, UT","49","Utah","035","Salt Lake","40.736389","-111.872222"
"05/29/2005","490353006","1","8.6","ug/m3 LC","36","1","100.0000","88101","PM2.5 - Local Conditions","41620","Salt Lake City, UT","49","Utah","035","Salt Lake","40.736389","-111.872222"
"05/30/2005","490353006","1","4.4","ug/m3 LC","18","1","100.0000","88101","PM2.5 - Local Conditions","41620","Salt Lake City, UT","49","Utah","035","Salt Lake","40.736389","-111.872222"
"05/31/2005","490353006","1","5.4","ug/m3 LC","23","1","100.0000","88101","PM2.5 - Local Conditions","41620","Salt Lake City, UT","49","Utah","035","Salt Lake","40.736389","-111.872222"
"06/01/2005","490353006","1","3.6","ug/m3 LC","15","1","100.0000","88101","PM2.5 - Local Conditions","41620","Salt Lake City, UT","49","Utah","035","Salt Lake","40.736389","-111.872222"
"06/02/2005","490353006","1","4.3","ug/m3 LC","18","1","100.0000","88101","PM2.5 - Local Conditions","41620","Salt Lake City, UT","49","Utah","035","Salt Lake","40.736389","-111.872222"
"06/03/2005","490353006","1","4.4","ug/m3 LC","18","1","100.0000","88101","PM2.5 - Local Conditions","41620","Salt Lake City, UT","49","Utah","035","Salt Lake","40.736389","-111.872222"
"06/04/2005","490353006","1","4.5","ug/m3 LC","19","1","100.0000","88101","PM2.5 - Local Conditions","41620","Salt Lake City, UT","49","Utah","035","Salt Lake","40.736389","-111.872222"
"06/05/2005","490353006","1","6.4","ug/m3 LC","27","1","100.0000","88101","PM2.5 - Local Conditions","41620","Salt Lake City, UT","49","Utah","035","Salt Lake","40.736389","-111.872222"
"06/06/2005","490353006","1","4.4","ug/m3 LC","18","1","100.0000","88101","PM2.5 - Local Conditions","41620","Salt Lake City, UT","49","Utah","035","Salt Lake","40.736389","-111.872222"
"06/07/2005","490353006","1","3.7","ug/m3 LC","15","1","100.0000","88101","PM2.5 - Local Conditions","41620","Salt Lake City, UT","49","Utah","035","Salt Lake","40.736389","-111.872222"
"06/08/2005","490353006","1","3.6","ug/m3 LC","15","1","100.0000","88101","PM2.5 - Local Conditions","41620","Salt Lake City, UT","49","Utah","035","Salt Lake","40.736389","-111.872222"
"06/09/2005","490353006","1","3.1","ug/m3 LC","13","1","100.0000","88101","PM2.5 - Local Conditions","41620","Salt Lake City, UT","49","Utah","035","Salt Lake","40.736389","-111.872222"
"06/11/2005","490353006","1","5.1","ug/m3 LC","21","1","100.0000","88101","PM2.5 - Local Conditions","41620","Salt Lake City, UT","49","Utah","035","Salt Lake","40.736389","-111.872222"
"06/12/2005","490353006","1","2.8","ug/m3 LC","12","1","100.0000","88101","PM2.5 - Local Conditions","41620","Salt Lake City, UT","49","Utah","035","Salt Lake","40.736389","-111.872222"
"06/13/2005","490353006","1","3.1","ug/m3 LC","13","1","100.0000","88101","PM2.5 - Local Conditions","41620","Salt Lake City, UT","49","Utah","035","Salt Lake","40.736389","-111.872222"
"06/14/2005","490353006","1","4.4","ug/m3 LC","18","1","100.0000","88101","PM2.5 - Local Conditions","41620","Salt Lake City, UT","49","Utah","035","Salt Lake","40.736389","-111.872222"
"06/15/2005","490353006","1","6.7","ug/m3 LC","28","1","100.0000","88101","PM2.5 - Local Conditions","41620","Salt Lake City, UT","49","Utah","035","Salt Lake","40.736389","-111.872222"
"06/16/2005","490353006","1","7.3","ug/m3 LC","30","1","100.0000","88101","PM2.5 - Local Conditions","41620","Salt Lake City, UT","49","Utah","035","Salt Lake","40.736389","-111.872222"
"06/17/2005","490353006","1","7.9","ug/m3 LC","33","1","100.0000","88101","PM2.5 - Local Conditions","41620","Salt Lake City, UT","49","Utah","035","Salt Lake","40.736389","-111.872222"
"06/18/2005","490353006","1","6.4","ug/m3 LC","27","1","100.0000","88101","PM2.5 - Local Conditions","41620","Salt Lake City, UT","49","Utah","035","Salt Lake","40.736389","-111.872222"
"06/19/2005","490353006","1","6.6","ug/m3 LC","28","1","100.0000","88101","PM2.5 - Local Conditions","41620","Salt Lake City, UT","49","Utah","035","Salt Lake","40.736389","-111.872222"
"06/20/2005","490353006","1","10.8","ug/m3 LC","45","1","100.0000","88101","PM2.5 - Local Conditions","41620","Salt Lake City, UT","49","Utah","035","Salt Lake","40.736389","-111.872222"
"06/21/2005","490353006","1","11.5","ug/m3 LC","48","1","100.0000","88101","PM2.5 - Local Conditions","41620","Salt Lake City, UT","49","Utah","035","Salt Lake","40.736389","-111.872222"
"06/22/2005","490353006","1","10","ug/m3 LC","42","1","100.0000","88101","PM2.5 - Local Conditions","41620","Salt Lake City, UT","49","Utah","035","Salt Lake","40.736389","-111.872222"
"06/23/2005","490353006","1","7.4","ug/m3 LC","31","1","100.0000","88101","PM2.5 - Local Conditions","41620","Salt Lake City, UT","49","Utah","035","Salt Lake","40.736389","-111.872222"
"06/24/2005","490353006","1","14.8","ug/m3 LC","57","1","100.0000","88101","PM2.5 - Local Conditions","41620","Salt Lake City, UT","49","Utah","035","Salt Lake","40.736389","-111.872222"
"06/25/2005","490353006","1","11.3","ug/m3 LC","47","1","100.0000","88101","PM2.5 - Local Conditions","41620","Salt Lake City, UT","49","Utah","035","Salt Lake","40.736389","-111.872222"
"06/26/2005","490353006","1","8.5","ug/m3 LC","35","1","100.0000","88101","PM2.5 - Local Conditions","41620","Salt Lake City, UT","49","Utah","035","Salt Lake","40.736389","-111.872222"
"06/27/2005","490353006","1","14.7","ug/m3 LC","56","1","100.0000","88101","PM2.5 - Local Conditions","41620","Salt Lake City, UT","49","Utah","035","Salt Lake","40.736389","-111.872222"
"06/28/2005","490353006","1","14.7","ug/m3 LC","56","1","100.0000","88101","PM2.5 - Local Conditions","41620","Salt Lake City, UT","49","Utah","035","Salt Lake","40.736389","-111.872222"
"06/29/2005","490353006","1","4.9","ug/m3 LC","20","1","100.0000","88101","PM2.5 - Local Conditions","41620","Salt Lake City, UT","49","Utah","035","Salt Lake","40.736389","-111.872222"
"06/30/2005","490353006","1","7.9","ug/m3 LC","33","1","100.0000","88101","PM2.5 - Local Conditions","41620","Salt Lake City, UT","49","Utah","035","Salt Lake","40.736389","-111.872222"
"07/01/2005","490353006","1","6.9","ug/m3 LC","29","1","100.0000","88101","PM2.5 - Local Conditions","41620","Salt Lake City, UT","49","Utah","035","Salt Lake","40.736389","-111.872222"
"07/02/2005","490353006","1","11","ug/m3 LC","46","1","100.0000","88101","PM2.5 - Local Conditions","41620","Salt Lake City, UT","49","Utah","035","Salt Lake","40.736389","-111.872222"
"07/03/2005","490353006","1","9.5","ug/m3 LC","40","1","100.0000","88101","PM2.5 - Local Conditions","41620","Salt Lake City, UT","49","Utah","035","Salt Lake","40.736389","-111.872222"
"07/04/2005","490353006","1","13.2","ug/m3 LC","53","1","100.0000","88101","PM2.5 - Local Conditions","41620","Salt Lake City, UT","49","Utah","035","Salt Lake","40.736389","-111.872222"
"07/05/2005","490353006","1","11.3","ug/m3 LC","47","1","100.0000","88101","PM2.5 - Local Conditions","41620","Salt Lake City, UT","49","Utah","035","Salt Lake","40.736389","-111.872222"
"07/06/2005","490353006","1","14.8","ug/m3 LC","57","1","100.0000","88101","PM2.5 - Local Conditions","41620","Salt Lake City, UT","49","Utah","035","Salt Lake","40.736389","-111.872222"
"07/07/2005","490353006","1","12","ug/m3 LC","50","1","100.0000","88101","PM2.5 - Local Conditions","41620","Salt Lake City, UT","49","Utah","035","Salt Lake","40.736389","-111.872222"
"07/08/2005","490353006","1","8.7","ug/m3 LC","36","1","100.0000","88101","PM2.5 - Local Conditions","41620","Salt Lake City, UT","49","Utah","035","Salt Lake","40.736389","-111.872222"
"07/09/2005","490353006","1","8.8","ug/m3 LC","37","1","100.0000","88101","PM2.5 - Local Conditions","41620","Salt Lake City, UT","49","Utah","035","Salt Lake","40.736389","-111.872222"
"07/10/2005","490353006","1","9","ug/m3 LC","38","1","100.0000","88101","PM2.5 - Local Conditions","41620","Salt Lake City, UT","49","Utah","035","Salt Lake","40.736389","-111.872222"
"07/12/2005","490353006","1","10.8","ug/m3 LC","45","1","100.0000","88101","PM2.5 - Local Conditions","41620","Salt Lake City, UT","49","Utah","035","Salt Lake","40.736389","-111.872222"
"07/13/2005","490353006","1","16.9","ug/m3 LC","61","1","100.0000","88101","PM2.5 - Local Conditions","41620","Salt Lake City, UT","49","Utah","035","Salt Lake","40.736389","-111.872222"
"07/14/2005","490353006","1","11.5","ug/m3 LC","48","1","100.0000","88101","PM2.5 - Local Conditions","41620","Salt Lake City, UT","49","Utah","035","Salt Lake","40.736389","-111.872222"
"07/15/2005","490353006","1","10.8","ug/m3 LC","45","1","100.0000","88101","PM2.5 - Local Conditions","41620","Salt Lake City, UT","49","Utah","035","Salt Lake","40.736389","-111.872222"
"07/16/2005","490353006","1","13.2","ug/m3 LC","53","1","100.0000","88101","PM2.5 - Local Conditions","41620","Salt Lake City, UT","49","Utah","035","Salt Lake","40.736389","-111.872222"
"07/17/2005","490353006","1","12.5","ug/m3 LC","52","1","100.0000","88101","PM2.5 - Local Conditions","41620","Salt Lake City, UT","49","Utah","035","Salt Lake","40.736389","-111.872222"
"07/18/2005","490353006","1","6.9","ug/m3 LC","29","1","100.0000","88101","PM2.5 - Local Conditions","41620","Salt Lake City, UT","49","Utah","035","Salt Lake","40.736389","-111.872222"
"07/19/2005","490353006","1","9.8","ug/m3 LC","41","1","100.0000","88101","PM2.5 - Local Conditions","41620","Salt Lake City, UT","49","Utah","035","Salt Lake","40.736389","-111.872222"
"07/20/2005","490353006","1","12","ug/m3 LC","50","1","100.0000","88101","PM2.5 - Local Conditions","41620","Salt Lake City, UT","49","Utah","035","Salt Lake","40.736389","-111.872222"
"07/21/2005","490353006","1","11.2","ug/m3 LC","47","1","100.0000","88101","PM2.5 - Local Conditions","41620","Salt Lake City, UT","49","Utah","035","Salt Lake","40.736389","-111.872222"
"07/22/2005","490353006","1","14.7","ug/m3 LC","56","1","100.0000","88101","PM2.5 - Local Conditions","41620","Salt Lake City, UT","49","Utah","035","Salt Lake","40.736389","-111.872222"
"07/23/2005","490353006","1","14.1","ug/m3 LC","55","1","100.0000","88101","PM2.5 - Local Conditions","41620","Salt Lake City, UT","49","Utah","035","Salt Lake","40.736389","-111.872222"
"07/24/2005","490353006","1","13.9","ug/m3 LC","55","1","100.0000","88101","PM2.5 - Local Conditions","41620","Salt Lake City, UT","49","Utah","035","Salt Lake","40.736389","-111.872222"
"07/25/2005","490353006","1","18.4","ug/m3 LC","64","1","100.0000","88101","PM2.5 - Local Conditions","41620","Salt Lake City, UT","49","Utah","035","Salt Lake","40.736389","-111.872222"
"07/26/2005","490353006","1","8.9","ug/m3 LC","37","1","100.0000","88101","PM2.5 - Local Conditions","41620","Salt Lake City, UT","49","Utah","035","Salt Lake","40.736389","-111.872222"
"07/27/2005","490353006","1","7.2","ug/m3 LC","30","1","100.0000","88101","PM2.5 - Local Conditions","41620","Salt Lake City, UT","49","Utah","035","Salt Lake","40.736389","-111.872222"
"07/28/2005","490353006","1","7.7","ug/m3 LC","32","1","100.0000","88101","PM2.5 - Local Conditions","41620","Salt Lake City, UT","49","Utah","035","Salt Lake","40.736389","-111.872222"
"07/29/2005","490353006","1","9.8","ug/m3 LC","41","1","100.0000","88101","PM2.5 - Local Conditions","41620","Salt Lake City, UT","49","Utah","035","Salt Lake","40.736389","-111.872222"
"07/30/2005","490353006","1","16.8","ug/m3 LC","61","1","100.0000","88101","PM2.5 - Local Conditions","41620","Salt Lake City, UT","49","Utah","035","Salt Lake","40.736389","-111.872222"
"07/31/2005","490353006","1","20.3","ug/m3 LC","68","1","100.0000","88101","PM2.5 - Local Conditions","41620","Salt Lake City, UT","49","Utah","035","Salt Lake","40.736389","-111.872222"
"08/01/2005","490353006","1","1.8","ug/m3 LC","8","1","100.0000","88101","PM2.5 - Local Conditions","41620","Salt Lake City, UT","49","Utah","035","Salt Lake","40.736389","-111.872222"
"08/02/2005","490353006","1","8.5","ug/m3 LC","35","1","100.0000","88101","PM2.5 - Local Conditions","41620","Salt Lake City, UT","49","Utah","035","Salt Lake","40.736389","-111.872222"
"08/03/2005","490353006","1","6.7","ug/m3 LC","28","1","100.0000","88101","PM2.5 - Local Conditions","41620","Salt Lake City, UT","49","Utah","035","Salt Lake","40.736389","-111.872222"
"08/04/2005","490353006","1","9.9","ug/m3 LC","41","1","100.0000","88101","PM2.5 - Local Conditions","41620","Salt Lake City, UT","49","Utah","035","Salt Lake","40.736389","-111.872222"
"08/05/2005","490353006","1","6.7","ug/m3 LC","28","1","100.0000","88101","PM2.5 - Local Conditions","41620","Salt Lake City, UT","49","Utah","035","Salt Lake","40.736389","-111.872222"
"08/07/2005","490353006","1","10.4","ug/m3 LC","43","1","100.0000","88101","PM2.5 - Local Conditions","41620","Salt Lake City, UT","49","Utah","035","Salt Lake","40.736389","-111.872222"
"08/08/2005","490353006","1","11.2","ug/m3 LC","47","1","100.0000","88101","PM2.5 - Local Conditions","41620","Salt Lake City, UT","49","Utah","035","Salt Lake","40.736389","-111.872222"
"08/09/2005","490353006","1","7.9","ug/m3 LC","33","1","100.0000","88101","PM2.5 - Local Conditions","41620","Salt Lake City, UT","49","Utah","035","Salt Lake","40.736389","-111.872222"
"08/10/2005","490353006","1","15.8","ug/m3 LC","59","1","100.0000","88101","PM2.5 - Local Conditions","41620","Salt Lake City, UT","49","Utah","035","Salt Lake","40.736389","-111.872222"
"08/11/2005","490353006","1","13.1","ug/m3 LC","53","1","100.0000","88101","PM2.5 - Local Conditions","41620","Salt Lake City, UT","49","Utah","035","Salt Lake","40.736389","-111.872222"
"08/12/2005","490353006","1","11.3","ug/m3 LC","47","1","100.0000","88101","PM2.5 - Local Conditions","41620","Salt Lake City, UT","49","Utah","035","Salt Lake","40.736389","-111.872222"
"08/13/2005","490353006","1","11","ug/m3 LC","46","1","100.0000","88101","PM2.5 - Local Conditions","41620","Salt Lake City, UT","49","Utah","035","Salt Lake","40.736389","-111.872222"
"08/14/2005","490353006","1","15.1","ug/m3 LC","57","1","100.0000","88101","PM2.5 - Local Conditions","41620","Salt Lake City, UT","49","Utah","035","Salt Lake","40.736389","-111.872222"
"08/15/2005","490353006","1","11.1","ug/m3 LC","46","1","100.0000","88101","PM2.5 - Local Conditions","41620","Salt Lake City, UT","49","Utah","035","Salt Lake","40.736389","-111.872222"
"08/16/2005","490353006","1","4","ug/m3 LC","17","1","100.0000","88101","PM2.5 - Local Conditions","41620","Salt Lake City, UT","49","Utah","035","Salt Lake","40.736389","-111.872222"
"08/17/2005","490353006","1","6.4","ug/m3 LC","27","1","100.0000","88101","PM2.5 - Local Conditions","41620","Salt Lake City, UT","49","Utah","035","Salt Lake","40.736389","-111.872222"
"08/18/2005","490353006","1","5.7","ug/m3 LC","24","1","100.0000","88101","PM2.5 - Local Conditions","41620","Salt Lake City, UT","49","Utah","035","Salt Lake","40.736389","-111.872222"
"08/19/2005","490353006","1","7.7","ug/m3 LC","32","1","100.0000","88101","PM2.5 - Local Conditions","41620","Salt Lake City, UT","49","Utah","035","Salt Lake","40.736389","-111.872222"
"08/20/2005","490353006","1","5.7","ug/m3 LC","24","1","100.0000","88101","PM2.5 - Local Conditions","41620","Salt Lake City, UT","49","Utah","035","Salt Lake","40.736389","-111.872222"
"08/21/2005","490353006","1","7.5","ug/m3 LC","31","1","100.0000","88101","PM2.5 - Local Conditions","41620","Salt Lake City, UT","49","Utah","035","Salt Lake","40.736389","-111.872222"
"08/22/2005","490353006","1","7.2","ug/m3 LC","30","1","100.0000","88101","PM2.5 - Local Conditions","41620","Salt Lake City, UT","49","Utah","035","Salt Lake","40.736389","-111.872222"
"08/23/2005","490353006","1","6.8","ug/m3 LC","28","1","100.0000","88101","PM2.5 - Local Conditions","41620","Salt Lake City, UT","49","Utah","035","Salt Lake","40.736389","-111.872222"
"08/24/2005","490353006","1","8.7","ug/m3 LC","36","1","100.0000","88101","PM2.5 - Local Conditions","41620","Salt Lake City, UT","49","Utah","035","Salt Lake","40.736389","-111.872222"
"08/25/2005","490353006","1","8.9","ug/m3 LC","37","1","100.0000","88101","PM2.5 - Local Conditions","41620","Salt Lake City, UT","49","Utah","035","Salt Lake","40.736389","-111.872222"
"08/26/2005","490353006","1","8.8","ug/m3 LC","37","1","100.0000","88101","PM2.5 - Local Conditions","41620","Salt Lake City, UT","49","Utah","035","Salt Lake","40.736389","-111.872222"
"08/27/2005","490353006","1","8.9","ug/m3 LC","37","1","100.0000","88101","PM2.5 - Local Conditions","41620","Salt Lake City, UT","49","Utah","035","Salt Lake","40.736389","-111.872222"
"08/28/2005","490353006","1","8.2","ug/m3 LC","34","1","100.0000","88101","PM2.5 - Local Conditions","41620","Salt Lake City, UT","49","Utah","035","Salt Lake","40.736389","-111.872222"
"08/29/2005","490353006","1","7.6","ug/m3 LC","32","1","100.0000","88101","PM2.5 - Local Conditions","41620","Salt Lake City, UT","49","Utah","035","Salt Lake","40.736389","-111.872222"
"08/30/2005","490353006","1","7.2","ug/m3 LC","30","1","100.0000","88101","PM2.5 - Local Conditions","41620","Salt Lake City, UT","49","Utah","035","Salt Lake","40.736389","-111.872222"
"08/31/2005","490353006","1","8.7","ug/m3 LC","36","1","100.0000","88101","PM2.5 - Local Conditions","41620","Salt Lake City, UT","49","Utah","035","Salt Lake","40.736389","-111.872222"
"09/01/2005","490353006","1","9.8","ug/m3 LC","41","1","100.0000","88101","PM2.5 - Local Conditions","41620","Salt Lake City, UT","49","Utah","035","Salt Lake","40.736389","-111.872222"
"09/02/2005","490353006","1","9.2","ug/m3 LC","38","1","100.0000","88101","PM2.5 - Local Conditions","41620","Salt Lake City, UT","49","Utah","035","Salt Lake","40.736389","-111.872222"
"09/03/2005","490353006","1","6.4","ug/m3 LC","27","1","100.0000","88101","PM2.5 - Local Conditions","41620","Salt Lake City, UT","49","Utah","035","Salt Lake","40.736389","-111.872222"
"09/04/2005","490353006","1","6.8","ug/m3 LC","28","1","100.0000","88101","PM2.5 - Local Conditions","41620","Salt Lake City, UT","49","Utah","035","Salt Lake","40.736389","-111.872222"
"09/05/2005","490353006","1","7.1","ug/m3 LC","30","1","100.0000","88101","PM2.5 - Local Conditions","41620","Salt Lake City, UT","49","Utah","035","Salt Lake","40.736389","-111.872222"
"09/06/2005","490353006","1","9","ug/m3 LC","38","1","100.0000","88101","PM2.5 - Local Conditions","41620","Salt Lake City, UT","49","Utah","035","Salt Lake","40.736389","-111.872222"
"09/07/2005","490353006","1","8.4","ug/m3 LC","35","1","100.0000","88101","PM2.5 - Local Conditions","41620","Salt Lake City, UT","49","Utah","035","Salt Lake","40.736389","-111.872222"
"09/08/2005","490353006","1","6.7","ug/m3 LC","28","1","100.0000","88101","PM2.5 - Local Conditions","41620","Salt Lake City, UT","49","Utah","035","Salt Lake","40.736389","-111.872222"
"09/09/2005","490353006","1","7.2","ug/m3 LC","30","1","100.0000","88101","PM2.5 - Local Conditions","41620","Salt Lake City, UT","49","Utah","035","Salt Lake","40.736389","-111.872222"
"09/10/2005","490353006","1","23.3","ug/m3 LC","75","1","100.0000","88101","PM2.5 - Local Conditions","41620","Salt Lake City, UT","49","Utah","035","Salt Lake","40.736389","-111.872222"
"09/11/2005","490353006","1","5","ug/m3 LC","21","1","100.0000","88101","PM2.5 - Local Conditions","41620","Salt Lake City, UT","49","Utah","035","Salt Lake","40.736389","-111.872222"
"09/12/2005","490353006","1","4.4","ug/m3 LC","18","1","100.0000","88101","PM2.5 - Local Conditions","41620","Salt Lake City, UT","49","Utah","035","Salt Lake","40.736389","-111.872222"
"09/13/2005","490353006","1","9.2","ug/m3 LC","38","1","100.0000","88101","PM2.5 - Local Conditions","41620","Salt Lake City, UT","49","Utah","035","Salt Lake","40.736389","-111.872222"
"09/14/2005","490353006","1","6.4","ug/m3 LC","27","1","100.0000","88101","PM2.5 - Local Conditions","41620","Salt Lake City, UT","49","Utah","035","Salt Lake","40.736389","-111.872222"
"09/15/2005","490353006","1","6.7","ug/m3 LC","28","1","100.0000","88101","PM2.5 - Local Conditions","41620","Salt Lake City, UT","49","Utah","035","Salt Lake","40.736389","-111.872222"
"09/16/2005","490353006","1","11.8","ug/m3 LC","49","1","100.0000","88101","PM2.5 - Local Conditions","41620","Salt Lake City, UT","49","Utah","035","Salt Lake","40.736389","-111.872222"
"09/17/2005","490353006","1","10.2","ug/m3 LC","43","1","100.0000","88101","PM2.5 - Local Conditions","41620","Salt Lake City, UT","49","Utah","035","Salt Lake","40.736389","-111.872222"
"09/18/2005","490353006","1","7.1","ug/m3 LC","30","1","100.0000","88101","PM2.5 - Local Conditions","41620","Salt Lake City, UT","49","Utah","035","Salt Lake","40.736389","-111.872222"
"09/19/2005","490353006","1","10","ug/m3 LC","42","1","100.0000","88101","PM2.5 - Local Conditions","41620","Salt Lake City, UT","49","Utah","035","Salt Lake","40.736389","-111.872222"
"09/20/2005","490353006","1","11.3","ug/m3 LC","47","1","100.0000","88101","PM2.5 - Local Conditions","41620","Salt Lake City, UT","49","Utah","035","Salt Lake","40.736389","-111.872222"
"09/21/2005","490353006","1","7.1","ug/m3 LC","30","1","100.0000","88101","PM2.5 - Local Conditions","41620","Salt Lake City, UT","49","Utah","035","Salt Lake","40.736389","-111.872222"
"09/22/2005","490353006","1","7.1","ug/m3 LC","30","1","100.0000","88101","PM2.5 - Local Conditions","41620","Salt Lake City, UT","49","Utah","035","Salt Lake","40.736389","-111.872222"
"09/23/2005","490353006","1","8.1","ug/m3 LC","34","1","100.0000","88101","PM2.5 - Local Conditions","41620","Salt Lake City, UT","49","Utah","035","Salt Lake","40.736389","-111.872222"
"09/24/2005","490353006","1","6.5","ug/m3 LC","27","1","100.0000","88101","PM2.5 - Local Conditions","41620","Salt Lake City, UT","49","Utah","035","Salt Lake","40.736389","-111.872222"
"09/25/2005","490353006","1","4.2","ug/m3 LC","18","1","100.0000","88101","PM2.5 - Local Conditions","41620","Salt Lake City, UT","49","Utah","035","Salt Lake","40.736389","-111.872222"
"09/26/2005","490353006","1","8.1","ug/m3 LC","34","1","100.0000","88101","PM2.5 - Local Conditions","41620","Salt Lake City, UT","49","Utah","035","Salt Lake","40.736389","-111.872222"
"09/27/2005","490353006","1","9.1","ug/m3 LC","38","1","100.0000","88101","PM2.5 - Local Conditions","41620","Salt Lake City, UT","49","Utah","035","Salt Lake","40.736389","-111.872222"
"09/28/2005","490353006","1","6.7","ug/m3 LC","28","1","100.0000","88101","PM2.5 - Local Conditions","41620","Salt Lake City, UT","49","Utah","035","Salt Lake","40.736389","-111.872222"
"09/29/2005","490353006","1","8.2","ug/m3 LC","34","1","100.0000","88101","PM2.5 - Local Conditions","41620","Salt Lake City, UT","49","Utah","035","Salt Lake","40.736389","-111.872222"
"09/30/2005","490353006","1","8.2","ug/m3 LC","34","1","100.0000","88101","PM2.5 - Local Conditions","41620","Salt Lake City, UT","49","Utah","035","Salt Lake","40.736389","-111.872222"
"10/01/2005","490353006","1","4.5","ug/m3 LC","19","1","100.0000","88101","PM2.5 - Local Conditions","41620","Salt Lake City, UT","49","Utah","035","Salt Lake","40.736389","-111.872222"
"10/02/2005","490353006","1","6.5","ug/m3 LC","27","1","100.0000","88101","PM2.5 - Local Conditions","41620","Salt Lake City, UT","49","Utah","035","Salt Lake","40.736389","-111.872222"
"10/04/2005","490353006","1","7.6","ug/m3 LC","32","1","100.0000","88101","PM2.5 - Local Conditions","41620","Salt Lake City, UT","49","Utah","035","Salt Lake","40.736389","-111.872222"
"10/05/2005","490353006","1","7.9","ug/m3 LC","33","1","100.0000","88101","PM2.5 - Local Conditions","41620","Salt Lake City, UT","49","Utah","035","Salt Lake","40.736389","-111.872222"
"10/06/2005","490353006","1","9.5","ug/m3 LC","40","1","100.0000","88101","PM2.5 - Local Conditions","41620","Salt Lake City, UT","49","Utah","035","Salt Lake","40.736389","-111.872222"
"10/07/2005","490353006","1","11.5","ug/m3 LC","48","1","100.0000","88101","PM2.5 - Local Conditions","41620","Salt Lake City, UT","49","Utah","035","Salt Lake","40.736389","-111.872222"
"10/08/2005","490353006","1","8.8","ug/m3 LC","37","1","100.0000","88101","PM2.5 - Local Conditions","41620","Salt Lake City, UT","49","Utah","035","Salt Lake","40.736389","-111.872222"
"10/09/2005","490353006","1","5.9","ug/m3 LC","25","1","100.0000","88101","PM2.5 - Local Conditions","41620","Salt Lake City, UT","49","Utah","035","Salt Lake","40.736389","-111.872222"
"10/10/2005","490353006","1","5.8","ug/m3 LC","24","1","100.0000","88101","PM2.5 - Local Conditions","41620","Salt Lake City, UT","49","Utah","035","Salt Lake","40.736389","-111.872222"
"10/11/2005","490353006","1","6.2","ug/m3 LC","26","1","100.0000","88101","PM2.5 - Local Conditions","41620","Salt Lake City, UT","49","Utah","035","Salt Lake","40.736389","-111.872222"
"10/12/2005","490353006","1","6.9","ug/m3 LC","29","1","100.0000","88101","PM2.5 - Local Conditions","41620","Salt Lake City, UT","49","Utah","035","Salt Lake","40.736389","-111.872222"
"10/13/2005","490353006","1","7.2","ug/m3 LC","30","1","100.0000","88101","PM2.5 - Local Conditions","41620","Salt Lake City, UT","49","Utah","035","Salt Lake","40.736389","-111.872222"
"10/14/2005","490353006","1","8.7","ug/m3 LC","36","1","100.0000","88101","PM2.5 - Local Conditions","41620","Salt Lake City, UT","49","Utah","035","Salt Lake","40.736389","-111.872222"
"10/15/2005","490353006","1","6.3","ug/m3 LC","26","1","100.0000","88101","PM2.5 - Local Conditions","41620","Salt Lake City, UT","49","Utah","035","Salt Lake","40.736389","-111.872222"
"10/16/2005","490353006","1","5.1","ug/m3 LC","21","1","100.0000","88101","PM2.5 - Local Conditions","41620","Salt Lake City, UT","49","Utah","035","Salt Lake","40.736389","-111.872222"
"10/17/2005","490353006","1","8.9","ug/m3 LC","37","1","100.0000","88101","PM2.5 - Local Conditions","41620","Salt Lake City, UT","49","Utah","035","Salt Lake","40.736389","-111.872222"
"10/18/2005","490353006","1","14.4","ug/m3 LC","56","1","100.0000","88101","PM2.5 - Local Conditions","41620","Salt Lake City, UT","49","Utah","035","Salt Lake","40.736389","-111.872222"
"10/19/2005","490353006","1","2","ug/m3 LC","8","1","100.0000","88101","PM2.5 - Local Conditions","41620","Salt Lake City, UT","49","Utah","035","Salt Lake","40.736389","-111.872222"
"10/20/2005","490353006","1","5.4","ug/m3 LC","23","1","100.0000","88101","PM2.5 - Local Conditions","41620","Salt Lake City, UT","49","Utah","035","Salt Lake","40.736389","-111.872222"
"10/21/2005","490353006","1","9","ug/m3 LC","38","1","100.0000","88101","PM2.5 - Local Conditions","41620","Salt Lake City, UT","49","Utah","035","Salt Lake","40.736389","-111.872222"
"10/22/2005","490353006","1","8","ug/m3 LC","33","1","100.0000","88101","PM2.5 - Local Conditions","41620","Salt Lake City, UT","49","Utah","035","Salt Lake","40.736389","-111.872222"
"10/23/2005","490353006","1","10.9","ug/m3 LC","45","1","100.0000","88101","PM2.5 - Local Conditions","41620","Salt Lake City, UT","49","Utah","035","Salt Lake","40.736389","-111.872222"
"10/24/2005","490353006","1","7.1","ug/m3 LC","30","1","100.0000","88101","PM2.5 - Local Conditions","41620","Salt Lake City, UT","49","Utah","035","Salt Lake","40.736389","-111.872222"
"10/25/2005","490353006","1","13.2","ug/m3 LC","53","1","100.0000","88101","PM2.5 - Local Conditions","41620","Salt Lake City, UT","49","Utah","035","Salt Lake","40.736389","-111.872222"
"10/26/2005","490353006","1","6.8","ug/m3 LC","28","1","100.0000","88101","PM2.5 - Local Conditions","41620","Salt Lake City, UT","49","Utah","035","Salt Lake","40.736389","-111.872222"
"10/27/2005","490353006","1","6.2","ug/m3 LC","26","1","100.0000","88101","PM2.5 - Local Conditions","41620","Salt Lake City, UT","49","Utah","035","Salt Lake","40.736389","-111.872222"
"10/30/2005","490353006","1","8.2","ug/m3 LC","34","1","100.0000","88101","PM2.5 - Local Conditions","41620","Salt Lake City, UT","49","Utah","035","Salt Lake","40.736389","-111.872222"
"10/31/2005","490353006","1","8.7","ug/m3 LC","36","1","100.0000","88101","PM2.5 - Local Conditions","41620","Salt Lake City, UT","49","Utah","035","Salt Lake","40.736389","-111.872222"
"11/01/2005","490353006","1","7.3","ug/m3 LC","30","1","100.0000","88101","PM2.5 - Local Conditions","41620","Salt Lake City, UT","49","Utah","035","Salt Lake","40.736389","-111.872222"
"11/02/2005","490353006","1","5.2","ug/m3 LC","22","1","100.0000","88101","PM2.5 - Local Conditions","41620","Salt Lake City, UT","49","Utah","035","Salt Lake","40.736389","-111.872222"
"11/03/2005","490353006","1","7.3","ug/m3 LC","30","1","100.0000","88101","PM2.5 - Local Conditions","41620","Salt Lake City, UT","49","Utah","035","Salt Lake","40.736389","-111.872222"
"11/04/2005","490353006","1","4","ug/m3 LC","17","1","100.0000","88101","PM2.5 - Local Conditions","41620","Salt Lake City, UT","49","Utah","035","Salt Lake","40.736389","-111.872222"
"11/05/2005","490353006","1","4.9","ug/m3 LC","20","1","100.0000","88101","PM2.5 - Local Conditions","41620","Salt Lake City, UT","49","Utah","035","Salt Lake","40.736389","-111.872222"
"11/06/2005","490353006","1","4.4","ug/m3 LC","18","1","100.0000","88101","PM2.5 - Local Conditions","41620","Salt Lake City, UT","49","Utah","035","Salt Lake","40.736389","-111.872222"
"11/07/2005","490353006","1","4.4","ug/m3 LC","18","1","100.0000","88101","PM2.5 - Local Conditions","41620","Salt Lake City, UT","49","Utah","035","Salt Lake","40.736389","-111.872222"
"11/08/2005","490353006","1","3.8","ug/m3 LC","16","1","100.0000","88101","PM2.5 - Local Conditions","41620","Salt Lake City, UT","49","Utah","035","Salt Lake","40.736389","-111.872222"
"11/12/2005","490353006","1","8.8","ug/m3 LC","37","1","100.0000","88101","PM2.5 - Local Conditions","41620","Salt Lake City, UT","49","Utah","035","Salt Lake","40.736389","-111.872222"
"11/13/2005","490353006","1","10.2","ug/m3 LC","43","1","100.0000","88101","PM2.5 - Local Conditions","41620","Salt Lake City, UT","49","Utah","035","Salt Lake","40.736389","-111.872222"
"11/14/2005","490353006","1","5.3","ug/m3 LC","22","1","100.0000","88101","PM2.5 - Local Conditions","41620","Salt Lake City, UT","49","Utah","035","Salt Lake","40.736389","-111.872222"
"11/15/2005","490353006","1","7.8","ug/m3 LC","33","1","100.0000","88101","PM2.5 - Local Conditions","41620","Salt Lake City, UT","49","Utah","035","Salt Lake","40.736389","-111.872222"
"11/16/2005","490353006","1","12.1","ug/m3 LC","51","1","100.0000","88101","PM2.5 - Local Conditions","41620","Salt Lake City, UT","49","Utah","035","Salt Lake","40.736389","-111.872222"
"11/17/2005","490353006","1","15.6","ug/m3 LC","58","1","100.0000","88101","PM2.5 - Local Conditions","41620","Salt Lake City, UT","49","Utah","035","Salt Lake","40.736389","-111.872222"
"11/18/2005","490353006","1","16.8","ug/m3 LC","61","1","100.0000","88101","PM2.5 - Local Conditions","41620","Salt Lake City, UT","49","Utah","035","Salt Lake","40.736389","-111.872222"
"11/19/2005","490353006","1","19.2","ug/m3 LC","66","1","100.0000","88101","PM2.5 - Local Conditions","41620","Salt Lake City, UT","49","Utah","035","Salt Lake","40.736389","-111.872222"
"11/20/2005","490353006","1","24","ug/m3 LC","76","1","100.0000","88101","PM2.5 - Local Conditions","41620","Salt Lake City, UT","49","Utah","035","Salt Lake","40.736389","-111.872222"
"11/21/2005","490353006","1","29.8","ug/m3 LC","88","1","100.0000","88101","PM2.5 - Local Conditions","41620","Salt Lake City, UT","49","Utah","035","Salt Lake","40.736389","-111.872222"
"11/22/2005","490353006","1","33.9","ug/m3 LC","97","1","100.0000","88101","PM2.5 - Local Conditions","41620","Salt Lake City, UT","49","Utah","035","Salt Lake","40.736389","-111.872222"
"11/24/2005","490353006","1","38.9","ug/m3 LC","109","1","100.0000","88101","PM2.5 - Local Conditions","41620","Salt Lake City, UT","49","Utah","035","Salt Lake","40.736389","-111.872222"
"11/25/2005","490353006","1","22.1","ug/m3 LC","72","1","100.0000","88101","PM2.5 - Local Conditions","41620","Salt Lake City, UT","49","Utah","035","Salt Lake","40.736389","-111.872222"
"11/26/2005","490353006","1","1.4","ug/m3 LC","6","1","100.0000","88101","PM2.5 - Local Conditions","41620","Salt Lake City, UT","49","Utah","035","Salt Lake","40.736389","-111.872222"
"11/27/2005","490353006","1","3.3","ug/m3 LC","14","1","100.0000","88101","PM2.5 - Local Conditions","41620","Salt Lake City, UT","49","Utah","035","Salt Lake","40.736389","-111.872222"
"11/28/2005","490353006","1","7.7","ug/m3 LC","32","1","100.0000","88101","PM2.5 - Local Conditions","41620","Salt Lake City, UT","49","Utah","035","Salt Lake","40.736389","-111.872222"
"11/29/2005","490353006","1","8.5","ug/m3 LC","35","1","100.0000","88101","PM2.5 - Local Conditions","41620","Salt Lake City, UT","49","Utah","035","Salt Lake","40.736389","-111.872222"
"11/30/2005","490353006","1","2.9","ug/m3 LC","12","1","100.0000","88101","PM2.5 - Local Conditions","41620","Salt Lake City, UT","49","Utah","035","Salt Lake","40.736389","-111.872222"
"12/01/2005","490353006","1","7","ug/m3 LC","29","1","100.0000","88101","PM2.5 - Local Conditions","41620","Salt Lake City, UT","49","Utah","035","Salt Lake","40.736389","-111.872222"
"12/02/2005","490353006","1","5.7","ug/m3 LC","24","1","100.0000","88101","PM2.5 - Local Conditions","41620","Salt Lake City, UT","49","Utah","035","Salt Lake","40.736389","-111.872222"
"12/03/2005","490353006","1","3.9","ug/m3 LC","16","1","100.0000","88101","PM2.5 - Local Conditions","41620","Salt Lake City, UT","49","Utah","035","Salt Lake","40.736389","-111.872222"
"12/04/2005","490353006","1","3.9","ug/m3 LC","16","1","100.0000","88101","PM2.5 - Local Conditions","41620","Salt Lake City, UT","49","Utah","035","Salt Lake","40.736389","-111.872222"
"12/05/2005","490353006","1","9.9","ug/m3 LC","41","1","100.0000","88101","PM2.5 - Local Conditions","41620","Salt Lake City, UT","49","Utah","035","Salt Lake","40.736389","-111.872222"
"12/06/2005","490353006","1","6","ug/m3 LC","25","1","100.0000","88101","PM2.5 - Local Conditions","41620","Salt Lake City, UT","49","Utah","035","Salt Lake","40.736389","-111.872222"
"12/07/2005","490353006","1","8.6","ug/m3 LC","36","1","100.0000","88101","PM2.5 - Local Conditions","41620","Salt Lake City, UT","49","Utah","035","Salt Lake","40.736389","-111.872222"
"12/08/2005","490353006","1","19.9","ug/m3 LC","67","1","100.0000","88101","PM2.5 - Local Conditions","41620","Salt Lake City, UT","49","Utah","035","Salt Lake","40.736389","-111.872222"
"12/09/2005","490353006","1","29.8","ug/m3 LC","88","1","100.0000","88101","PM2.5 - Local Conditions","41620","Salt Lake City, UT","49","Utah","035","Salt Lake","40.736389","-111.872222"
"12/10/2005","490353006","1","35.7","ug/m3 LC","101","1","100.0000","88101","PM2.5 - Local Conditions","41620","Salt Lake City, UT","49","Utah","035","Salt Lake","40.736389","-111.872222"
"12/11/2005","490353006","1","45.6","ug/m3 LC","126","1","100.0000","88101","PM2.5 - Local Conditions","41620","Salt Lake City, UT","49","Utah","035","Salt Lake","40.736389","-111.872222"
"12/12/2005","490353006","1","61.3","ug/m3 LC","154","1","100.0000","88101","PM2.5 - Local Conditions","41620","Salt Lake City, UT","49","Utah","035","Salt Lake","40.736389","-111.872222"
"12/13/2005","490353006","1","55.4","ug/m3 LC","150","1","100.0000","88101","PM2.5 - Local Conditions","41620","Salt Lake City, UT","49","Utah","035","Salt Lake","40.736389","-111.872222"
"12/14/2005","490353006","1","14.4","ug/m3 LC","56","1","100.0000","88101","PM2.5 - Local Conditions","41620","Salt Lake City, UT","49","Utah","035","Salt Lake","40.736389","-111.872222"
"12/15/2005","490353006","1","25.3","ug/m3 LC","79","1","100.0000","88101","PM2.5 - Local Conditions","41620","Salt Lake City, UT","49","Utah","035","Salt Lake","40.736389","-111.872222"
"12/16/2005","490353006","1","40.8","ug/m3 LC","114","1","100.0000","88101","PM2.5 - Local Conditions","41620","Salt Lake City, UT","49","Utah","035","Salt Lake","40.736389","-111.872222"
"12/17/2005","490353006","1","45.1","ug/m3 LC","125","1","100.0000","88101","PM2.5 - Local Conditions","41620","Salt Lake City, UT","49","Utah","035","Salt Lake","40.736389","-111.872222"
"12/18/2005","490353006","1","39.7","ug/m3 LC","111","1","100.0000","88101","PM2.5 - Local Conditions","41620","Salt Lake City, UT","49","Utah","035","Salt Lake","40.736389","-111.872222"
"12/19/2005","490353006","1","44.3","ug/m3 LC","123","1","100.0000","88101","PM2.5 - Local Conditions","41620","Salt Lake City, UT","49","Utah","035","Salt Lake","40.736389","-111.872222"
"12/20/2005","490353006","1","43.3","ug/m3 LC","120","1","100.0000","88101","PM2.5 - Local Conditions","41620","Salt Lake City, UT","49","Utah","035","Salt Lake","40.736389","-111.872222"
"12/21/2005","490353006","1","28.2","ug/m3 LC","85","1","100.0000","88101","PM2.5 - Local Conditions","41620","Salt Lake City, UT","49","Utah","035","Salt Lake","40.736389","-111.872222"
"12/22/2005","490353006","1","31.6","ug/m3 LC","92","1","100.0000","88101","PM2.5 - Local Conditions","41620","Salt Lake City, UT","49","Utah","035","Salt Lake","40.736389","-111.872222"
"12/23/2005","490353006","1","7.5","ug/m3 LC","31","1","100.0000","88101","PM2.5 - Local Conditions","41620","Salt Lake City, UT","49","Utah","035","Salt Lake","40.736389","-111.872222"
"12/24/2005","490353006","1","13.6","ug/m3 LC","54","1","100.0000","88101","PM2.5 - Local Conditions","41620","Salt Lake City, UT","49","Utah","035","Salt Lake","40.736389","-111.872222"
"12/25/2005","490353006","1","22.6","ug/m3 LC","73","1","100.0000","88101","PM2.5 - Local Conditions","41620","Salt Lake City, UT","49","Utah","035","Salt Lake","40.736389","-111.872222"
"12/26/2005","490353006","1","8.5","ug/m3 LC","35","1","100.0000","88101","PM2.5 - Local Conditions","41620","Salt Lake City, UT","49","Utah","035","Salt Lake","40.736389","-111.872222"
"12/27/2005","490353006","1","5.7","ug/m3 LC","24","1","100.0000","88101","PM2.5 - Local Conditions","41620","Salt Lake City, UT","49","Utah","035","Salt Lake","40.736389","-111.872222"
"12/28/2005","490353006","1","4.9","ug/m3 LC","20","1","100.0000","88101","PM2.5 - Local Conditions","41620","Salt Lake City, UT","49","Utah","035","Salt Lake","40.736389","-111.872222"
"12/29/2005","490353006","1","2.2","ug/m3 LC","9","1","100.0000","88101","PM2.5 - Local Conditions","41620","Salt Lake City, UT","49","Utah","035","Salt Lake","40.736389","-111.872222"
"12/30/2005","490353006","1","5.1","ug/m3 LC","21","1","100.0000","88101","PM2.5 - Local Conditions","41620","Salt Lake City, UT","49","Utah","035","Salt Lake","40.736389","-111.872222"
"12/31/2005","490353006","1","2.1","ug/m3 LC","9","1","100.0000","88101","PM2.5 - Local Conditions","41620","Salt Lake City, UT","49","Utah","035","Salt Lake","40.736389","-111.872222"
"01/01/2005","490353006","5","5.8","ug/m3 LC","24","1","100.0000","88502","Acceptable PM2.5 AQI & Speciation Mass","41620","Salt Lake City, UT","49","Utah","035","Salt Lake","40.736389","-111.872222"
"01/04/2005","490353006","5","12.2","ug/m3 LC","51","1","100.0000","88502","Acceptable PM2.5 AQI & Speciation Mass","41620","Salt Lake City, UT","49","Utah","035","Salt Lake","40.736389","-111.872222"
"01/07/2005","490353006","5","7.6","ug/m3 LC","32","1","100.0000","88502","Acceptable PM2.5 AQI & Speciation Mass","41620","Salt Lake City, UT","49","Utah","035","Salt Lake","40.736389","-111.872222"
"01/10/2005","490353006","5","10.5","ug/m3 LC","44","1","100.0000","88502","Acceptable PM2.5 AQI & Speciation Mass","41620","Salt Lake City, UT","49","Utah","035","Salt Lake","40.736389","-111.872222"
"01/13/2005","490353006","5","6.5","ug/m3 LC","27","1","100.0000","88502","Acceptable PM2.5 AQI & Speciation Mass","41620","Salt Lake City, UT","49","Utah","035","Salt Lake","40.736389","-111.872222"
"01/16/2005","490353006","5","37.5","ug/m3 LC","106","1","100.0000","88502","Acceptable PM2.5 AQI & Speciation Mass","41620","Salt Lake City, UT","49","Utah","035","Salt Lake","40.736389","-111.872222"
"01/19/2005","490353006","5","36.7","ug/m3 LC","104","1","100.0000","88502","Acceptable PM2.5 AQI & Speciation Mass","41620","Salt Lake City, UT","49","Utah","035","Salt Lake","40.736389","-111.872222"
"01/22/2005","490353006","5","35.6","ug/m3 LC","101","1","100.0000","88502","Acceptable PM2.5 AQI & Speciation Mass","41620","Salt Lake City, UT","49","Utah","035","Salt Lake","40.736389","-111.872222"
"01/25/2005","490353006","5","37","ug/m3 LC","105","1","100.0000","88502","Acceptable PM2.5 AQI & Speciation Mass","41620","Salt Lake City, UT","49","Utah","035","Salt Lake","40.736389","-111.872222"
"01/28/2005","490353006","5","14.5","ug/m3 LC","56","1","100.0000","88502","Acceptable PM2.5 AQI & Speciation Mass","41620","Salt Lake City, UT","49","Utah","035","Salt Lake","40.736389","-111.872222"
"02/03/2005","490353006","5","25.2","ug/m3 LC","79","1","100.0000","88502","Acceptable PM2.5 AQI & Speciation Mass","41620","Salt Lake City, UT","49","Utah","035","Salt Lake","40.736389","-111.872222"
"02/06/2005","490353006","5","11.5","ug/m3 LC","48","1","100.0000","88502","Acceptable PM2.5 AQI & Speciation Mass","41620","Salt Lake City, UT","49","Utah","035","Salt Lake","40.736389","-111.872222"
"02/09/2005","490353006","5","17.4","ug/m3 LC","62","1","100.0000","88502","Acceptable PM2.5 AQI & Speciation Mass","41620","Salt Lake City, UT","49","Utah","035","Salt Lake","40.736389","-111.872222"
"02/12/2005","490353006","5","33","ug/m3 LC","95","1","100.0000","88502","Acceptable PM2.5 AQI & Speciation Mass","41620","Salt Lake City, UT","49","Utah","035","Salt Lake","40.736389","-111.872222"
"02/15/2005","490353006","5","4.3","ug/m3 LC","18","1","100.0000","88502","Acceptable PM2.5 AQI & Speciation Mass","41620","Salt Lake City, UT","49","Utah","035","Salt Lake","40.736389","-111.872222"
"02/18/2005","490353006","5","37.1","ug/m3 LC","105","1","100.0000","88502","Acceptable PM2.5 AQI & Speciation Mass","41620","Salt Lake City, UT","49","Utah","035","Salt Lake","40.736389","-111.872222"
"02/21/2005","490353006","5","6.3","ug/m3 LC","26","1","100.0000","88502","Acceptable PM2.5 AQI & Speciation Mass","41620","Salt Lake City, UT","49","Utah","035","Salt Lake","40.736389","-111.872222"
"02/24/2005","490353006","5","8.8","ug/m3 LC","37","1","100.0000","88502","Acceptable PM2.5 AQI & Speciation Mass","41620","Salt Lake City, UT","49","Utah","035","Salt Lake","40.736389","-111.872222"
"02/27/2005","490353006","5","11","ug/m3 LC","46","1","100.0000","88502","Acceptable PM2.5 AQI & Speciation Mass","41620","Salt Lake City, UT","49","Utah","035","Salt Lake","40.736389","-111.872222"
"03/02/2005","490353006","5","11.2","ug/m3 LC","47","1","100.0000","88502","Acceptable PM2.5 AQI & Speciation Mass","41620","Salt Lake City, UT","49","Utah","035","Salt Lake","40.736389","-111.872222"
"03/05/2005","490353006","5","17.5","ug/m3 LC","62","1","100.0000","88502","Acceptable PM2.5 AQI & Speciation Mass","41620","Salt Lake City, UT","49","Utah","035","Salt Lake","40.736389","-111.872222"
"03/08/2005","490353006","5","7","ug/m3 LC","29","1","100.0000","88502","Acceptable PM2.5 AQI & Speciation Mass","41620","Salt Lake City, UT","49","Utah","035","Salt Lake","40.736389","-111.872222"
"03/11/2005","490353006","5","6.3","ug/m3 LC","26","1","100.0000","88502","Acceptable PM2.5 AQI & Speciation Mass","41620","Salt Lake City, UT","49","Utah","035","Salt Lake","40.736389","-111.872222"
"03/17/2005","490353006","5","7.1","ug/m3 LC","30","1","100.0000","88502","Acceptable PM2.5 AQI & Speciation Mass","41620","Salt Lake City, UT","49","Utah","035","Salt Lake","40.736389","-111.872222"
"03/20/2005","490353006","5","2.7","ug/m3 LC","11","1","100.0000","88502","Acceptable PM2.5 AQI & Speciation Mass","41620","Salt Lake City, UT","49","Utah","035","Salt Lake","40.736389","-111.872222"
"03/23/2005","490353006","5","3.3","ug/m3 LC","14","1","100.0000","88502","Acceptable PM2.5 AQI & Speciation Mass","41620","Salt Lake City, UT","49","Utah","035","Salt Lake","40.736389","-111.872222"
"03/26/2005","490353006","5","0","ug/m3 LC","0","1","100.0000","88502","Acceptable PM2.5 AQI & Speciation Mass","41620","Salt Lake City, UT","49","Utah","035","Salt Lake","40.736389","-111.872222"
"04/01/2005","490353006","5","6.3","ug/m3 LC","26","1","100.0000","88502","Acceptable PM2.5 AQI & Speciation Mass","41620","Salt Lake City, UT","49","Utah","035","Salt Lake","40.736389","-111.872222"
"04/04/2005","490353006","5","4.8","ug/m3 LC","20","1","100.0000","88502","Acceptable PM2.5 AQI & Speciation Mass","41620","Salt Lake City, UT","49","Utah","035","Salt Lake","40.736389","-111.872222"
"04/07/2005","490353006","5","6.4","ug/m3 LC","27","1","100.0000","88502","Acceptable PM2.5 AQI & Speciation Mass","41620","Salt Lake City, UT","49","Utah","035","Salt Lake","40.736389","-111.872222"
"04/10/2005","490353006","5","3.8","ug/m3 LC","16","1","100.0000","88502","Acceptable PM2.5 AQI & Speciation Mass","41620","Salt Lake City, UT","49","Utah","035","Salt Lake","40.736389","-111.872222"
"04/13/2005","490353006","5","7.3","ug/m3 LC","30","1","100.0000","88502","Acceptable PM2.5 AQI & Speciation Mass","41620","Salt Lake City, UT","49","Utah","035","Salt Lake","40.736389","-111.872222"
"04/16/2005","490353006","5","9.4","ug/m3 LC","39","1","100.0000","88502","Acceptable PM2.5 AQI & Speciation Mass","41620","Salt Lake City, UT","49","Utah","035","Salt Lake","40.736389","-111.872222"
"04/19/2005","490353006","5","8","ug/m3 LC","33","1","100.0000","88502","Acceptable PM2.5 AQI & Speciation Mass","41620","Salt Lake City, UT","49","Utah","035","Salt Lake","40.736389","-111.872222"
"04/22/2005","490353006","5","0","ug/m3 LC","0","1","100.0000","88502","Acceptable PM2.5 AQI & Speciation Mass","41620","Salt Lake City, UT","49","Utah","035","Salt Lake","40.736389","-111.872222"
"04/25/2005","490353006","5","5.5","ug/m3 LC","23","1","100.0000","88502","Acceptable PM2.5 AQI & Speciation Mass","41620","Salt Lake City, UT","49","Utah","035","Salt Lake","40.736389","-111.872222"
"04/28/2005","490353006","5","5.2","ug/m3 LC","22","1","100.0000","88502","Acceptable PM2.5 AQI & Speciation Mass","41620","Salt Lake City, UT","49","Utah","035","Salt Lake","40.736389","-111.872222"
"05/01/2005","490353006","5","5.2","ug/m3 LC","22","1","100.0000","88502","Acceptable PM2.5 AQI & Speciation Mass","41620","Salt Lake City, UT","49","Utah","035","Salt Lake","40.736389","-111.872222"
"05/04/2005","490353006","5","5.2","ug/m3 LC","22","1","100.0000","88502","Acceptable PM2.5 AQI & Speciation Mass","41620","Salt Lake City, UT","49","Utah","035","Salt Lake","40.736389","-111.872222"
"05/07/2005","490353006","5","1.8","ug/m3 LC","8","1","100.0000","88502","Acceptable PM2.5 AQI & Speciation Mass","41620","Salt Lake City, UT","49","Utah","035","Salt Lake","40.736389","-111.872222"
"05/10/2005","490353006","5","5.8","ug/m3 LC","24","1","100.0000","88502","Acceptable PM2.5 AQI & Speciation Mass","41620","Salt Lake City, UT","49","Utah","035","Salt Lake","40.736389","-111.872222"
"05/13/2005","490353006","5","6.4","ug/m3 LC","27","1","100.0000","88502","Acceptable PM2.5 AQI & Speciation Mass","41620","Salt Lake City, UT","49","Utah","035","Salt Lake","40.736389","-111.872222"
"05/16/2005","490353006","5","5.7","ug/m3 LC","24","1","100.0000","88502","Acceptable PM2.5 AQI & Speciation Mass","41620","Salt Lake City, UT","49","Utah","035","Salt Lake","40.736389","-111.872222"
"05/19/2005","490353006","5","3","ug/m3 LC","13","1","100.0000","88502","Acceptable PM2.5 AQI & Speciation Mass","41620","Salt Lake City, UT","49","Utah","035","Salt Lake","40.736389","-111.872222"
"05/22/2005","490353006","5","8.4","ug/m3 LC","35","1","100.0000","88502","Acceptable PM2.5 AQI & Speciation Mass","41620","Salt Lake City, UT","49","Utah","035","Salt Lake","40.736389","-111.872222"
"05/25/2005","490353006","5","4.5","ug/m3 LC","19","1","100.0000","88502","Acceptable PM2.5 AQI & Speciation Mass","41620","Salt Lake City, UT","49","Utah","035","Salt Lake","40.736389","-111.872222"
"05/28/2005","490353006","5","6.1","ug/m3 LC","25","1","100.0000","88502","Acceptable PM2.5 AQI & Speciation Mass","41620","Salt Lake City, UT","49","Utah","035","Salt Lake","40.736389","-111.872222"
"06/03/2005","490353006","5","4.6","ug/m3 LC","19","1","100.0000","88502","Acceptable PM2.5 AQI & Speciation Mass","41620","Salt Lake City, UT","49","Utah","035","Salt Lake","40.736389","-111.872222"
"06/06/2005","490353006","5","5","ug/m3 LC","21","1","100.0000","88502","Acceptable PM2.5 AQI & Speciation Mass","41620","Salt Lake City, UT","49","Utah","035","Salt Lake","40.736389","-111.872222"
"06/09/2005","490353006","5","1.4","ug/m3 LC","6","1","100.0000","88502","Acceptable PM2.5 AQI & Speciation Mass","41620","Salt Lake City, UT","49","Utah","035","Salt Lake","40.736389","-111.872222"
"06/12/2005","490353006","5","3.2","ug/m3 LC","13","1","100.0000","88502","Acceptable PM2.5 AQI & Speciation Mass","41620","Salt Lake City, UT","49","Utah","035","Salt Lake","40.736389","-111.872222"
"06/15/2005","490353006","5","6.2","ug/m3 LC","26","1","100.0000","88502","Acceptable PM2.5 AQI & Speciation Mass","41620","Salt Lake City, UT","49","Utah","035","Salt Lake","40.736389","-111.872222"
"06/18/2005","490353006","5","5.6","ug/m3 LC","23","1","100.0000","88502","Acceptable PM2.5 AQI & Speciation Mass","41620","Salt Lake City, UT","49","Utah","035","Salt Lake","40.736389","-111.872222"
"06/21/2005","490353006","5","11","ug/m3 LC","46","1","100.0000","88502","Acceptable PM2.5 AQI & Speciation Mass","41620","Salt Lake City, UT","49","Utah","035","Salt Lake","40.736389","-111.872222"
"06/24/2005","490353006","5","11.5","ug/m3 LC","48","1","100.0000","88502","Acceptable PM2.5 AQI & Speciation Mass","41620","Salt Lake City, UT","49","Utah","035","Salt Lake","40.736389","-111.872222"
"06/27/2005","490353006","5","13.9","ug/m3 LC","55","1","100.0000","88502","Acceptable PM2.5 AQI & Speciation Mass","41620","Salt Lake City, UT","49","Utah","035","Salt Lake","40.736389","-111.872222"
"06/30/2005","490353006","5","4.8","ug/m3 LC","20","1","100.0000","88502","Acceptable PM2.5 AQI & Speciation Mass","41620","Salt Lake City, UT","49","Utah","035","Salt Lake","40.736389","-111.872222"
"07/03/2005","490353006","5","9.4","ug/m3 LC","39","1","100.0000","88502","Acceptable PM2.5 AQI & Speciation Mass","41620","Salt Lake City, UT","49","Utah","035","Salt Lake","40.736389","-111.872222"
"07/06/2005","490353006","5","13","ug/m3 LC","53","1","100.0000","88502","Acceptable PM2.5 AQI & Speciation Mass","41620","Salt Lake City, UT","49","Utah","035","Salt Lake","40.736389","-111.872222"
"07/09/2005","490353006","5","8.7","ug/m3 LC","36","1","100.0000","88502","Acceptable PM2.5 AQI & Speciation Mass","41620","Salt Lake City, UT","49","Utah","035","Salt Lake","40.736389","-111.872222"
"07/12/2005","490353006","5","8.4","ug/m3 LC","35","1","100.0000","88502","Acceptable PM2.5 AQI & Speciation Mass","41620","Salt Lake City, UT","49","Utah","035","Salt Lake","40.736389","-111.872222"
"07/15/2005","490353006","5","10.4","ug/m3 LC","43","1","100.0000","88502","Acceptable PM2.5 AQI & Speciation Mass","41620","Salt Lake City, UT","49","Utah","035","Salt Lake","40.736389","-111.872222"
"07/18/2005","490353006","5","7.1","ug/m3 LC","30","1","100.0000","88502","Acceptable PM2.5 AQI & Speciation Mass","41620","Salt Lake City, UT","49","Utah","035","Salt Lake","40.736389","-111.872222"
"07/21/2005","490353006","5","10.6","ug/m3 LC","44","1","100.0000","88502","Acceptable PM2.5 AQI & Speciation Mass","41620","Salt Lake City, UT","49","Utah","035","Salt Lake","40.736389","-111.872222"
"07/24/2005","490353006","5","13.3","ug/m3 LC","54","1","100.0000","88502","Acceptable PM2.5 AQI & Speciation Mass","41620","Salt Lake City, UT","49","Utah","035","Salt Lake","40.736389","-111.872222"
"07/27/2005","490353006","5","6.2","ug/m3 LC","26","1","100.0000","88502","Acceptable PM2.5 AQI & Speciation Mass","41620","Salt Lake City, UT","49","Utah","035","Salt Lake","40.736389","-111.872222"
"07/31/2005","490353006","5","7.7","ug/m3 LC","32","1","100.0000","88502","Acceptable PM2.5 AQI & Speciation Mass","41620","Salt Lake City, UT","49","Utah","035","Salt Lake","40.736389","-111.872222"
"08/02/2005","490353006","5","5.9","ug/m3 LC","25","1","100.0000","88502","Acceptable PM2.5 AQI & Speciation Mass","41620","Salt Lake City, UT","49","Utah","035","Salt Lake","40.736389","-111.872222"
"08/05/2005","490353006","5","5.9","ug/m3 LC","25","1","100.0000","88502","Acceptable PM2.5 AQI & Speciation Mass","41620","Salt Lake City, UT","49","Utah","035","Salt Lake","40.736389","-111.872222"
"08/08/2005","490353006","5","7.3","ug/m3 LC","30","1","100.0000","88502","Acceptable PM2.5 AQI & Speciation Mass","41620","Salt Lake City, UT","49","Utah","035","Salt Lake","40.736389","-111.872222"
"08/11/2005","490353006","5","8.9","ug/m3 LC","37","1","100.0000","88502","Acceptable PM2.5 AQI & Speciation Mass","41620","Salt Lake City, UT","49","Utah","035","Salt Lake","40.736389","-111.872222"
"08/14/2005","490353006","5","12.3","ug/m3 LC","51","1","100.0000","88502","Acceptable PM2.5 AQI & Speciation Mass","41620","Salt Lake City, UT","49","Utah","035","Salt Lake","40.736389","-111.872222"
"08/17/2005","490353006","5","5.6","ug/m3 LC","23","1","100.0000","88502","Acceptable PM2.5 AQI & Speciation Mass","41620","Salt Lake City, UT","49","Utah","035","Salt Lake","40.736389","-111.872222"
"08/20/2005","490353006","5","6.2","ug/m3 LC","26","1","100.0000","88502","Acceptable PM2.5 AQI & Speciation Mass","41620","Salt Lake City, UT","49","Utah","035","Salt Lake","40.736389","-111.872222"
"08/23/2005","490353006","5","5","ug/m3 LC","21","1","100.0000","88502","Acceptable PM2.5 AQI & Speciation Mass","41620","Salt Lake City, UT","49","Utah","035","Salt Lake","40.736389","-111.872222"
"08/26/2005","490353006","5","16.7","ug/m3 LC","61","1","100.0000","88502","Acceptable PM2.5 AQI & Speciation Mass","41620","Salt Lake City, UT","49","Utah","035","Salt Lake","40.736389","-111.872222"
"08/29/2005","490353006","5","4.3","ug/m3 LC","18","1","100.0000","88502","Acceptable PM2.5 AQI & Speciation Mass","41620","Salt Lake City, UT","49","Utah","035","Salt Lake","40.736389","-111.872222"
"09/01/2005","490353006","5","7.4","ug/m3 LC","31","1","100.0000","88502","Acceptable PM2.5 AQI & Speciation Mass","41620","Salt Lake City, UT","49","Utah","035","Salt Lake","40.736389","-111.872222"
"09/04/2005","490353006","5","5.7","ug/m3 LC","24","1","100.0000","88502","Acceptable PM2.5 AQI & Speciation Mass","41620","Salt Lake City, UT","49","Utah","035","Salt Lake","40.736389","-111.872222"
"09/07/2005","490353006","5","6.8","ug/m3 LC","28","1","100.0000","88502","Acceptable PM2.5 AQI & Speciation Mass","41620","Salt Lake City, UT","49","Utah","035","Salt Lake","40.736389","-111.872222"
"09/10/2005","490353006","5","15.6","ug/m3 LC","58","1","100.0000","88502","Acceptable PM2.5 AQI & Speciation Mass","41620","Salt Lake City, UT","49","Utah","035","Salt Lake","40.736389","-111.872222"
"09/13/2005","490353006","5","4.3","ug/m3 LC","18","1","100.0000","88502","Acceptable PM2.5 AQI & Speciation Mass","41620","Salt Lake City, UT","49","Utah","035","Salt Lake","40.736389","-111.872222"
"09/16/2005","490353006","5","6.7","ug/m3 LC","28","1","100.0000","88502","Acceptable PM2.5 AQI & Speciation Mass","41620","Salt Lake City, UT","49","Utah","035","Salt Lake","40.736389","-111.872222"
"09/19/2005","490353006","5","11.6","ug/m3 LC","48","1","100.0000","88502","Acceptable PM2.5 AQI & Speciation Mass","41620","Salt Lake City, UT","49","Utah","035","Salt Lake","40.736389","-111.872222"
"09/22/2005","490353006","5","5.7","ug/m3 LC","24","1","100.0000","88502","Acceptable PM2.5 AQI & Speciation Mass","41620","Salt Lake City, UT","49","Utah","035","Salt Lake","40.736389","-111.872222"
"09/25/2005","490353006","5","4.1","ug/m3 LC","17","1","100.0000","88502","Acceptable PM2.5 AQI & Speciation Mass","41620","Salt Lake City, UT","49","Utah","035","Salt Lake","40.736389","-111.872222"
"09/28/2005","490353006","5","7","ug/m3 LC","29","1","100.0000","88502","Acceptable PM2.5 AQI & Speciation Mass","41620","Salt Lake City, UT","49","Utah","035","Salt Lake","40.736389","-111.872222"
"10/01/2005","490353006","5","3.8","ug/m3 LC","16","1","100.0000","88502","Acceptable PM2.5 AQI & Speciation Mass","41620","Salt Lake City, UT","49","Utah","035","Salt Lake","40.736389","-111.872222"
"10/04/2005","490353006","5","5.2","ug/m3 LC","22","1","100.0000","88502","Acceptable PM2.5 AQI & Speciation Mass","41620","Salt Lake City, UT","49","Utah","035","Salt Lake","40.736389","-111.872222"
"10/07/2005","490353006","5","10.9","ug/m3 LC","45","1","100.0000","88502","Acceptable PM2.5 AQI & Speciation Mass","41620","Salt Lake City, UT","49","Utah","035","Salt Lake","40.736389","-111.872222"
"10/10/2005","490353006","5","5.5","ug/m3 LC","23","1","100.0000","88502","Acceptable PM2.5 AQI & Speciation Mass","41620","Salt Lake City, UT","49","Utah","035","Salt Lake","40.736389","-111.872222"
"10/13/2005","490353006","5","7.5","ug/m3 LC","31","1","100.0000","88502","Acceptable PM2.5 AQI & Speciation Mass","41620","Salt Lake City, UT","49","Utah","035","Salt Lake","40.736389","-111.872222"
"10/16/2005","490353006","5","0","ug/m3 LC","0","1","100.0000","88502","Acceptable PM2.5 AQI & Speciation Mass","41620","Salt Lake City, UT","49","Utah","035","Salt Lake","40.736389","-111.872222"
"10/19/2005","490353006","5","6","ug/m3 LC","25","1","100.0000","88502","Acceptable PM2.5 AQI & Speciation Mass","41620","Salt Lake City, UT","49","Utah","035","Salt Lake","40.736389","-111.872222"
"10/22/2005","490353006","5","11.4","ug/m3 LC","48","1","100.0000","88502","Acceptable PM2.5 AQI & Speciation Mass","41620","Salt Lake City, UT","49","Utah","035","Salt Lake","40.736389","-111.872222"
"10/25/2005","490353006","5","5.7","ug/m3 LC","24","1","100.0000","88502","Acceptable PM2.5 AQI & Speciation Mass","41620","Salt Lake City, UT","49","Utah","035","Salt Lake","40.736389","-111.872222"
"10/28/2005","490353006","5","4.4","ug/m3 LC","18","1","100.0000","88502","Acceptable PM2.5 AQI & Speciation Mass","41620","Salt Lake City, UT","49","Utah","035","Salt Lake","40.736389","-111.872222"
"10/31/2005","490353006","5","7.7","ug/m3 LC","32","1","100.0000","88502","Acceptable PM2.5 AQI & Speciation Mass","41620","Salt Lake City, UT","49","Utah","035","Salt Lake","40.736389","-111.872222"
"11/03/2005","490353006","5","6.6","ug/m3 LC","28","1","100.0000","88502","Acceptable PM2.5 AQI & Speciation Mass","41620","Salt Lake City, UT","49","Utah","035","Salt Lake","40.736389","-111.872222"
"11/06/2005","490353006","5","3.9","ug/m3 LC","16","1","100.0000","88502","Acceptable PM2.5 AQI & Speciation Mass","41620","Salt Lake City, UT","49","Utah","035","Salt Lake","40.736389","-111.872222"
"11/09/2005","490353006","5","12.7","ug/m3 LC","52","1","100.0000","88502","Acceptable PM2.5 AQI & Speciation Mass","41620","Salt Lake City, UT","49","Utah","035","Salt Lake","40.736389","-111.872222"
"11/12/2005","490353006","5","8.6","ug/m3 LC","36","1","100.0000","88502","Acceptable PM2.5 AQI & Speciation Mass","41620","Salt Lake City, UT","49","Utah","035","Salt Lake","40.736389","-111.872222"
"11/15/2005","490353006","5","7.4","ug/m3 LC","31","1","100.0000","88502","Acceptable PM2.5 AQI & Speciation Mass","41620","Salt Lake City, UT","49","Utah","035","Salt Lake","40.736389","-111.872222"
"11/18/2005","490353006","5","6.1","ug/m3 LC","25","1","100.0000","88502","Acceptable PM2.5 AQI & Speciation Mass","41620","Salt Lake City, UT","49","Utah","035","Salt Lake","40.736389","-111.872222"
"11/21/2005","490353006","5","42","ug/m3 LC","117","1","100.0000","88502","Acceptable PM2.5 AQI & Speciation Mass","41620","Salt Lake City, UT","49","Utah","035","Salt Lake","40.736389","-111.872222"
"11/24/2005","490353006","5","37.9","ug/m3 LC","107","1","100.0000","88502","Acceptable PM2.5 AQI & Speciation Mass","41620","Salt Lake City, UT","49","Utah","035","Salt Lake","40.736389","-111.872222"
"11/27/2005","490353006","5","4.2","ug/m3 LC","18","1","100.0000","88502","Acceptable PM2.5 AQI & Speciation Mass","41620","Salt Lake City, UT","49","Utah","035","Salt Lake","40.736389","-111.872222"
"11/30/2005","490353006","5","2.8","ug/m3 LC","12","1","100.0000","88502","Acceptable PM2.5 AQI & Speciation Mass","41620","Salt Lake City, UT","49","Utah","035","Salt Lake","40.736389","-111.872222"
"12/03/2005","490353006","5","4.4","ug/m3 LC","18","1","100.0000","88502","Acceptable PM2.5 AQI & Speciation Mass","41620","Salt Lake City, UT","49","Utah","035","Salt Lake","40.736389","-111.872222"
"12/06/2005","490353006","5","7.4","ug/m3 LC","31","1","100.0000","88502","Acceptable PM2.5 AQI & Speciation Mass","41620","Salt Lake City, UT","49","Utah","035","Salt Lake","40.736389","-111.872222"
"12/09/2005","490353006","5","27.9","ug/m3 LC","84","1","100.0000","88502","Acceptable PM2.5 AQI & Speciation Mass","41620","Salt Lake City, UT","49","Utah","035","Salt Lake","40.736389","-111.872222"
"12/12/2005","490353006","5","51.2","ug/m3 LC","140","1","100.0000","88502","Acceptable PM2.5 AQI & Speciation Mass","41620","Salt Lake City, UT","49","Utah","035","Salt Lake","40.736389","-111.872222"
"12/15/2005","490353006","5","22.6","ug/m3 LC","73","1","100.0000","88502","Acceptable PM2.5 AQI & Speciation Mass","41620","Salt Lake City, UT","49","Utah","035","Salt Lake","40.736389","-111.872222"
"12/21/2005","490353006","5","43.5","ug/m3 LC","121","1","100.0000","88502","Acceptable PM2.5 AQI & Speciation Mass","41620","Salt Lake City, UT","49","Utah","035","Salt Lake","40.736389","-111.872222"
"12/24/2005","490353006","5","13.3","ug/m3 LC","54","1","100.0000","88502","Acceptable PM2.5 AQI & Speciation Mass","41620","Salt Lake City, UT","49","Utah","035","Salt Lake","40.736389","-111.872222"
"12/27/2005","490353006","5","6.4","ug/m3 LC","27","1","100.0000","88502","Acceptable PM2.5 AQI & Speciation Mass","41620","Salt Lake City, UT","49","Utah","035","Salt Lake","40.736389","-111.872222"
"12/30/2005","490353006","5","5.9","ug/m3 LC","25","1","100.0000","88502","Acceptable PM2.5 AQI & Speciation Mass","41620","Salt Lake City, UT","49","Utah","035","Salt Lake","40.736389","-111.872222"
