Date,MAXtemp(F),MINtemp(F),AVGtemp(F),DEP,HDD,Percipitation(inch),Snow,Avgwindspeed(mph),MaxWindSpeed(mph)
11/01/11,50,32,41,-6,24,0.31,0.01,12.7,35
11/02/11,48,27,38,-8,27,0,0,4.7,13
11/03/11,58,28,43,-3,22,0,0,12.3,29
11/04/11,64,33,49,4,16,0.27,0.01,14.1,31
11/05/11,36,29,33,-12,32,0.24,3.2,8.1,18
11/06/11,44,28,36,-8,29,0,0,6.7,17
11/07/11,44,29,37,-7,28,0.01,0.01,7.3,20
11/08/11,42,27,35,-9,30,0,0,3.1,12
11/09/11,45,24,35,-8,30,0,0,4.6,15
11/10/11,50,25,38,-4,27,0,0,3.8,9
11/11/11,50,25,38,-4,27,0,0,4.8,21
11/12/11,51,33,42,0,23,0.18,0.6,14.4,31
11/13/11,51,34,43,2,22,0.11,0,5.8,15
11/14/11,57,37,47,6,18,0,0,7.7,17
11/15/11,48,32,40,0,25,0,0,4.6,13
11/16/11,47,27,37,-3,28,0,0,2.9,9
11/17/11,55,32,44,5,21,0,0,12.7,24
11/18/11,52,32,42,3,23,0.3,1.1,16.5,31
11/19/11,37,26,32,-6,33,0.06,0.6,2.4,25
11/20/11,39,24,32,-6,33,0.01,0.01,3.8,16
11/21/11,46,33,40,3,25,0.13,0,4.5,10
11/22/11,54,34,44,7,21,0,0,10.3,21
11/23/11,62,38,50,14,15,0,0,10.3,24
11/24/11,60,41,51,15,14,0,0,10.4,22
11/25/11,52,28,40,4,25,0.01,0,9.4,36
11/26/11,43,23,33,-2,32,0,0,2.2,8
11/27/11,49,24,37,2,28,0,0,3.9,10
11/28/11,46,24,35,1,30,0,0,3.2,14
11/29/11,53,26,40,6,25,0,0,2.2,18
11/30/11,45,26,36,2,29,0.02,0.01,7.3,22
12/01/11,43,27,35,2,30,0,0,10.8,28
12/02/11,41,21,31,-2,34,0.01,0.01,5.4,15
12/03/11,38,22,30,-3,35,0.01,0.01,8.3,20
12/04/11,31,21,26,-6,39,0.01,0.01,4.5,14
12/05/11,29,15,22,-10,43,0,0,4.5,14
12/06/11,33,15,24,-8,41,0,0,5.7,13
12/07/11,36,16,26,-6,39,0,0,3.9,9
12/08/11,37,19,28,-3,37,0,0,1.8,8
12/09/11,40,20,30,-1,35,0,0,3.3,10
12/10/11,41,20,31,0,34,0,0,3.5,10
12/11/11,39,19,29,-2,36,0,0,2.3,8
12/12/11,44,18,31,1,34,0,0,2.1,10
12/13/11,32,25,29,-1,36,0.02,0.01,2.9,9
12/14/11,35,23,29,-1,36,0.01,0.01,2.6,7
12/15/11,30,24,27,-3,38,0.01,0.01,4.1,12
12/16/11,31,19,25,-5,40,0,0,3,10
12/17/11,33,18,26,-4,39,0.01,0.01,3.6,10
12/18/11,32,23,28,-2,37,0.01,0.01,4,14
12/19/11,28,24,26,-4,39,0.01,0.01,4.1,12
12/20/11,33,21,27,-2,38,0,0,3.5,9
12/21/11,36,22,29,0,36,0.01,0.1,6.5,23
12/22/11,35,19,27,-2,38,0,0,8.9,22
12/23/11,36,15,26,-3,39,0,0,3.2,9
12/24/11,35,15,25,-4,40,0,0,3.4,5
12/25/11,41,17,29,0,36,0,0,3,12
12/26/11,41,15,28,-1,37,0,0,2.5,13
12/27/11,39,17,28,-1,37,0,0,4,14
12/28/11,45,23,34,5,31,0,0,3.3,10
12/29/11,56,32,44,15,21,0.01,M,4.9,15
12/30/11,61,40,51,22,14,0.01,M,14.3,48
12/31/11,43,21,32,3,33,0,0,3.8,10
01/01/12,44,20,32,3,33,0,0,2.4,9
01/02/12,47,24,36,7,29,0,0,3.7,10
01/03/12,48,23,36,7,29,0,0,3.5,10
01/04/12,50,22,36,7,29,0,0,4.6,12
01/05/12,45,23,34,5,31,0,0,3.3,9
01/06/12,35,17,26,-3,39,0.26,3.9,7.2,20
01/07/12,34,14,24,-5,41,0,0,3.8,10
01/08/12,36,20,28,-1,37,0,0,4.2,9
01/09/12,37,18,28,-1,37,0,0,3.8,12
01/10/12,35,20,28,-1,37,0,0,5.5,13
01/11/12,33,15,24,-5,41,0,0,2.9,9
01/12/12,38,17,28,-1,37,0,0,3.2,13
01/13/12,42,16,29,0,36,0,0,3,13
01/14/12,53,21,37,8,28,0,0,19.8,38
01/15/12,46,17,32,3,33,0.04,0.5,10.2,31
01/16/12,34,13,24,-5,41,0,0,8.8,22
01/17/12,45,27,36,7,29,0.21,0,11.4,24
01/18/12,53,39,46,16,19,0.03,0,7.1,18
01/19/12,53,37,45,15,20,0.01,0,7,18
01/20/12,53,33,43,13,22,0.87,1.1,14.9,38
01/21/12,40,26,33,3,32,0,0,7,24
01/22/12,42,32,37,7,28,0.26,1.4,7.1,21
01/23/12,42,28,35,5,30,0,0,5.2,12
01/24/12,46,32,39,9,26,0,0,8.5,14
01/25/12,47,32,40,10,25,0.12,0,7.9,17
01/26/12,39,24,32,2,33,0,0,8,20
01/27/12,40,20,30,0,35,0,0,6.1,13
01/28/12,45,23,34,4,31,0,0,4,13
01/29/12,47,23,35,5,30,0,0,4.6,15
01/30/12,46,22,34,4,31,0,0,4.3,13
01/31/12,46,27,37,6,28,0.01,0,7.4,18
02/01/12,43,29,36,5,29,0.06,0.5,9.6,21
02/02/12,46,25,36,5,29,0,0,6,21
02/03/12,45,22,34,3,31,0,0,3.8,15
02/04/12,43,22,33,2,32,0,0,3.2,12
02/05/12,42,23,33,1,32,0,0,4.4,14
02/06/12,48,23,36,4,29,0,0,6.5,16
02/07/12,43,33,38,6,27,0.02,0,4.7,14
02/08/12,45,33,39,7,26,0.01,0,2.7,8
02/09/12,56,37,47,15,18,0,0,6.7,13
02/10/12,57,34,46,13,19,0.01,0,8.3,24
02/11/12,42,33,38,5,27,0.39,0.3,8.1,16
02/12/12,48,33,41,8,24,0.01,0,5.1,10
02/13/12,46,33,40,6,25,0.01,0,5.5,14
02/14/12,44,33,39,5,26,0.07,0.2,5.2,18
02/15/12,43,28,36,2,29,0,0,5.5,12
02/16/12,45,25,35,0,30,0,0,5.3,12
02/17/12,47,26,37,2,28,0.07,0.4,9.4,20
02/18/12,35,27,31,-4,34,0.2,2,9.5,20
02/19/12,37,22,30,-6,35,0.01,0.01,10.3,21
02/20/12,47,33,40,4,25,0.02,0.01,8,15
02/21/12,59,41,50,14,15,0.01,0,8.6,39
02/22/12,48,28,38,1,27,0.01,0,10.3,38
02/23/12,48,24,36,-1,29,0,0,6.1,17
02/24/12,53,28,41,3,24,0,0,19,43
02/25/12,39,24,32,-6,33,0,0,5.7,20
02/26/12,45,29,37,-1,28,0.02,0.01,6.7,15
02/27/12,41,29,35,-4,30,0.02,0.1,8.1,22
02/28/12,49,27,38,-1,27,0.25,3.8,18.9,40
02/29/12,37,25,31,-8,34,0.16,1.8,8.2,26
03/01/12,34,22,28,-12,37,0.01,0.01,8.2,25
03/02/12,41,28,35,-5,30,0,0,9.9,16
03/03/12,55,34,45,5,20,0,0,7.3,14
03/04/12,65,32,49,8,16,0,0,12.2,26
03/05/12,59,26,43,2,22,0.1,1.7,21.4,35
03/06/12,42,23,33,-8,32,0.01,0,12.5,26
03/07/12,47,25,36,-6,29,0,0,5.6,17
03/08/12,52,26,39,-3,26,0,0,4.7,12
03/09/12,58,29,44,2,21,0,0,4.8,10
03/10/12,65,34,50,7,15,0,0,10.6,26
03/11/12,67,41,54,11,11,0,0,14.1,28
03/12/12,67,52,60,17,5,0,0,16.7,30
03/13/12,64,46,55,11,10,0,0,12.9,26
03/14/12,70,45,58,14,7,0,0,9.1,21
03/15/12,67,55,61,17,4,0.01,0,15.5,30
03/16/12,67,51,59,15,6,0.01,0,21.2,37
03/17/12,52,33,43,-1,22,0.25,0.01,15.9,28
03/18/12,44,31,38,-7,27,0.03,0.4,8.9,20
03/19/12,48,27,38,-7,27,0.01,0.1,6.2,14
03/20/12,62,42,52,7,13,0,0,9.7,17
03/21/12,71,43,57,12,8,0,0,12.1,20
03/22/12,72,55,64,18,1,0,0,15.1,31
03/23/12,72,50,61,15,4,0,0,10.4,24
03/24/12,73,50,62,16,3,0,0,11,22
03/25/12,58,41,50,4,15,0.01,0,13.7,39
03/26/12,63,38,51,5,14,0,0,9.2,23
03/27/12,67,45,56,10,9,0.04,0,14.5,24
03/28/12,61,37,49,2,16,0.01,0,5.8,21
03/29/12,72,43,58,11,7,0,0,8.4,21
03/30/12,80,55,68,21,0,0,0,22.8,38
03/31/12,66,36,51,4,14,0.05,0.01,15,30
04/01/12,53,26,40,-7,25,0,0,11.5,22
04/02/12,60,34,47,-1,18,0,0,5.7,15
04/03/12,74,41,58,10,7,0,0,11.4,24
04/04/12,52,34,43,-5,22,0,0,8.8,25
04/05/12,47,31,39,-9,26,0.11,1,13.1,30
04/06/12,60,28,44,-4,21,0,0,6.1,16
04/07/12,71,35,53,4,12,0,0,5.5,14
04/08/12,77,43,60,11,5,0,0,6.7,15
04/09/12,81,49,65,16,0,0,0,10.2,21
04/10/12,79,45,62,13,3,0.23,0,13.6,32
04/11/12,52,37,45,-4,20,0.57,0,9.2,22
04/12/12,57,37,47,-3,18,0.01,0,10.6,25
04/13/12,55,39,47,-3,18,0.09,0,7.5,24
04/14/12,58,40,49,-1,16,0.01,0,8.7,21
04/15/12,62,40,51,1,14,0,0,4.8,13
04/16/12,61,45,53,2,12,0.4,0,9.6,21
04/17/12,58,46,52,1,13,0.01,0,7.1,28
04/18/12,64,41,53,2,12,0.03,0,4.1,13
04/19/12,71,44,58,6,7,0,0,5.8,13
04/20/12,80,49,65,13,0,0,0,6.7,14
04/21/12,86,51,69,17,0,0,0,5.8,12
04/22/12,88,57,73,21,0,0,0,8.3,25
04/23/12,86,61,74,21,0,0,0,9.2,22
04/24/12,77,58,68,15,0,0,0,11.6,25
04/25/12,79,41,60,7,5,0.79,0,15.2,40
04/26/12,53,39,46,-8,19,0.01,0,12.3,24
04/27/12,54,33,44,-10,21,0,0,5.1,16
04/28/12,61,42,52,-2,13,0,0,6.3,15
04/29/12,75,44,60,5,5,0.01,0,11.4,28
04/30/12,68,50,59,4,6,0.24,0,8,26
05/01/12,67,51,59,4,6,0,0,8,21
05/02/12,75,50,63,7,2,0.01,0,10,25
05/03/12,69,49,59,3,6,0,0,9.7,26
05/04/12,58,42,50,-6,15,0,0,10.6,32
05/05/12,60,38,49,-8,16,0,0,8.6,18
05/06/12,70,38,54,-3,11,0,0,12.5,30
05/07/12,74,43,59,2,6,0,0,6,16
05/08/12,80,46,63,5,2,0,0,7.1,14
05/09/12,71,51,61,3,4,0,0,11.8,28
05/10/12,69,43,56,-2,9,0,0,6.9,16
05/11/12,72,41,57,-2,8,0,0,5.8,15
05/12/12,76,44,60,1,5,0,0,6.5,17
05/13/12,84,48,66,7,0,0,0,6.6,15
05/14/12,90,59,75,15,0,0,0,10.7,21
05/15/12,85,63,74,14,0,0,0,7.1,24
05/16/12,83,56,70,10,0,0,0,10.9,35
05/17/12,64,48,56,-4,9,0.31,0,6.7,32
05/18/12,71,45,58,-3,7,0,0,5.6,16
05/19/12,84,48,66,5,0,0,0,6.8,16
05/20/12,94,54,74,13,0,0,0,9.8,21
05/21/12,85,64,75,13,0,0,0,10.8,29
05/22/12,65,50,58,-4,7,0.01,0,11.4,29
05/23/12,67,46,57,-5,8,0,0,5.1,15
05/24/12,71,56,64,1,1,0.01,0,10.7,20
05/25/12,62,49,56,-7,9,0.16,0,10.2,26
05/26/12,63,45,54,-9,11,0.01,0,10.6,24
05/27/12,72,44,58,-6,7,0,0,7.3,14
05/28/12,82,50,66,2,0,0,0,8.1,17
05/29/12,80,53,67,3,0,0,0,5.7,17
05/30/12,81,55,68,4,0,0,0,5.5,16
05/31/12,88,57,73,8,0,0,0,6.2,13
06/01/12,95,64,80,15,0,0.01,0,7,23
06/02/12,92,62,77,12,0,0,0,6.3,16
06/03/12,98,69,84,18,0,0,0,14.7,26
06/04/12,80,45,63,-3,2,0.01,0,14.9,39
06/05/12,63,41,52,-14,13,0,0,6.6,18
06/06/12,76,45,61,-6,4,0,0,5.3,15
06/07/12,90,58,74,7,0,0,0,11.3,31
06/08/12,71,44,58,-9,7,0,0,12.8,32
06/09/12,68,43,56,-12,9,0,0,6.2,17
06/10/12,78,48,63,-5,2,0,0,7.1,14
06/11/12,86,54,70,2,0,0,0,6.2,16
06/12/12,87,61,74,5,0,0,0,7.7,17
06/13/12,85,57,71,2,0,0,0,5.6,14
06/14/12,87,61,74,5,0,0,0,10.8,29
06/15/12,87,56,72,2,0,0,0,5.4,14
06/16/12,97,60,79,9,0,0,0,7.4,16
06/17/12,98,64,81,11,0,0,0,10.4,29
06/18/12,78,56,67,-4,0,0,0,11.6,20
06/19/12,76,52,64,-7,1,0,0,6.7,20
06/20/12,93,54,74,2,0,0,0,6.7,14
06/21/12,98,71,85,13,0,0,0,17.6,29
06/22/12,101,73,87,15,0,0,0,17.6,30
06/23/12,100,76,88,15,0,0,0,15.7,31
06/24/12,99,73,86,13,0,0,0,14.4,30
06/25/12,92,62,77,3,0,0,0,15.9,30
06/26/12,89,56,73,-1,0,0,0,6.9,17
06/27/12,101,66,84,10,0,0,0,10.6,23
06/28/12,98,72,85,10,0,0,0,8.9,22
06/29/12,99,63,81,6,0,0,0,8,17
06/30/12,100,71,86,11,0,0,0,11.7,25
07/01/12,96,66,81,5,0,0,0,8.3,16
07/02/12,100,72,86,10,0,0,0,13.9,30
07/03/12,94,66,80,4,0,0,0,6.3,18
07/04/12,84,66,75,-2,0,0.29,0,7,20
07/05/12,87,63,75,-2,0,0,0,5.5,14
07/06/12,93,66,80,3,0,0,0,6.4,20
07/07/12,97,70,84,6,0,0,0,7,17
07/08/12,100,68,84,6,0,0,0,7.7,14
07/09/12,102,67,85,7,0,0,0,8,24
07/10/12,103,77,90,12,0,0.01,0,10,28
07/11/12,103,76,90,12,0,0,0,8,16
07/12/12,93,69,81,2,0,0.01,0,10.4,36
07/13/12,83,69,76,-3,0,0.02,0,9.4,21
07/14/12,84,67,76,-3,0,0,0,11.1,26
07/15/12,90,63,77,-2,0,0.28,0,12.7,39
07/16/12,92,65,79,0,0,0,0,11.7,21
07/17/12,96,68,82,2,0,0,0,10.2,22
07/18/12,95,65,80,0,0,0.01,0,7.5,22
07/19/12,95,70,83,3,0,0,0,7,17
07/20/12,99,72,86,6,0,0,0,8.8,28
07/21/12,95,71,83,3,0,0.11,0,9.4,38
07/22/12,91,71,81,1,0,0.01,0,8.9,18
07/23/12,88,71,80,0,0,0.01,0,8,17
07/24/12,93,68,81,1,0,0,0,7.3,15
07/25/12,100,69,85,5,0,0,0,7.9,16
07/26/12,97,72,85,5,0,0.02,0,11.9,25
07/27/12,98,75,87,7,0,0,0,15.8,33
07/28/12,98,76,87,7,0,0,0,12.7,22
07/29/12,99,72,86,6,0,0,0,12,31
07/30/12,96,73,85,5,0,0,0,10.6,20
07/31/12,96,75,86,6,0,0,0,9,21
08/01/12,95,71,83,3,0,0,0,7.5,16
08/02/12,93,65,79,-1,0,0,0,6.8,18
08/03/12,94,64,79,-1,0,0,0,5.1,14
08/04/12,98,69,84,5,0,0.01,0,7.8,30
08/05/12,95,71,83,4,0,0.01,0,6.8,17
08/06/12,99,68,84,5,0,0,0,7.8,17
08/07/12,103,71,87,8,0,0,0,9.6,21
08/08/12,97,73,85,6,0,0,0,6,15
08/09/12,96,70,83,4,0,0.01,0,7.8,40
08/10/12,91,67,79,1,0,0,0,6.6,23
08/11/12,98,65,82,4,0,0,0,6.6,13
08/12/12,94,74,84,6,0,0,0,7.6,16
08/13/12,92,70,81,3,0,0,0,6.5,13
08/14/12,97,70,84,6,0,0,0,8.6,17
08/15/12,97,71,84,7,0,0,0,6.8,16
08/16/12,94,71,83,6,0,0,0,6.5,15
08/17/12,95,68,82,5,0,0,0,6,14
08/18/12,91,64,78,1,0,0.01,0,7.5,16
08/19/12,90,69,80,4,0,0,0,5.8,16
08/20/12,95,65,80,4,0,0,0,8.2,25
08/21/12,89,73,81,5,0,0,0,8.2,20
08/22/12,90,66,78,3,0,0,0,6.9,13
08/23/12,92,66,79,4,0,0,0,8.5,18
08/24/12,91,61,76,1,0,0,0,6.4,28
08/25/12,96,70,83,9,0,0.01,0,11.8,40
08/26/12,95,70,83,9,0,0,0,10.2,21
08/27/12,98,74,86,12,0,0,0,12.4,26
08/28/12,95,75,85,11,0,0.01,0,9.9,18
08/29/12,90,71,81,8,0,0.01,0,9.2,22
08/30/12,86,66,76,3,0,0.28,0,10.5,32
08/31/12,81,62,72,0,0,0.41,0,11.6,38
09/01/12,84,58,71,-1,0,0,0,5.3,13
09/02/12,88,60,74,2,0,0,0,4.6,14
09/03/12,91,62,77,6,0,0,0,7.5,21
09/04/12,89,58,74,3,0,0,0,7.1,14
09/05/12,88,63,76,6,0,0,0,9.1,17
09/06/12,83,59,71,1,0,0,0,5.8,15
09/07/12,87,55,71,1,0,0,0,6.4,12
09/08/12,93,59,76,7,0,0.01,0,9.7,24
09/09/12,83,70,77,8,0,0.01,0,10.3,24
09/10/12,79,59,69,1,0,0,0,7.3,25
09/11/12,77,52,65,-3,0,0,0,6,15
09/12/12,80,50,65,-2,0,0,0,5.6,13
09/13/12,85,52,69,2,0,0,0,6.9,17
09/14/12,89,57,73,7,0,0,0,9.2,16
09/15/12,89,58,74,8,0,0,0,7.5,17
09/16/12,80,56,68,2,0,0,0,6.3,16
09/17/12,84,55,70,5,0,0,0,6.6,12
09/18/12,85,55,70,5,0,0,0,6.2,13
09/19/12,84,54,69,5,0,0,0,6.2,13
09/20/12,84,52,68,4,0,0,0,5.4,12
09/21/12,89,54,72,9,0,0,0,7,14
09/22/12,85,66,76,13,0,0.01,0,11.2,25
09/23/12,71,59,65,3,0,0.01,0,7.4,16
09/24/12,63,54,59,-3,6,0.13,0,5.8,18
09/25/12,74,53,64,3,1,0.01,0,5.8,14
09/26/12,78,56,67,6,0,0,0,6.5,13
09/27/12,83,56,70,10,0,0,0,7.3,13
09/28/12,82,54,68,8,0,0,0,6,13
09/29/12,81,55,68,8,0,0,0,5.8,13
09/30/12,80,51,66,7,0,0,0,5.8,13
10/01/12,84,54,69,10,0,0,0,7.1,14
10/02/12,75,50,63,5,2,0,0,6.8,16
10/03/12,70,43,57,-1,8,0,0,4.9,16
10/04/12,64,41,53,-4,12,0,0,4.5,13
10/05/12,62,37,50,-7,15,0,0,4.5,10
10/06/12,63,35,49,-7,16,0,0,5.3,10
10/07/12,72,38,55,-1,10,0,0,5.2,12
10/08/12,74,44,59,3,6,0,0,6,13
10/09/12,78,47,63,8,2,0,0,5.9,17
10/10/12,80,54,67,12,0,0.01,0,6.4,15
10/11/12,63,46,55,1,10,0.5,0,7.8,24
10/12/12,61,47,54,0,11,0.01,0,7,14
10/13/12,68,45,57,3,8,0,0,6.3,13
10/14/12,74,46,60,7,5,0,0,7,15
10/15/12,75,47,61,8,4,0.06,0,10.6,39
10/16/12,58,39,49,-4,16,0,0,5.3,16
10/17/12,64,37,51,-1,14,0,0,5.5,9
10/18/12,72,41,57,5,8,0,0,5.9,15
10/19/12,78,50,64,13,1,0,0,7,15
10/20/12,66,46,56,5,9,0,0,6.2,25
10/21/12,73,49,61,10,4,0.3,0,16.2,35
10/22/12,51,38,45,-5,20,0.4,0,11.5,29
10/23/12,47,36,42,-8,23,0.05,0,5.6,15
10/24/12,42,33,38,-12,27,0.22,0.3,5.4,32
10/25/12,48,29,39,-10,26,0,0,7,20
10/26/12,59,35,47,-2,18,0,0,6.2,13
10/27/12,67,46,57,9,8,0,0,7.1,14
10/28/12,73,45,59,11,6,0,0,7,16
10/29/12,73,44,59,12,6,0,0,6.9,13
10/30/12,76,45,61,14,4,0,0,9.7,17
10/31/12,67,53,60,13,5,0,0,9.3,22
11/01/12,62,42,52,6,13,0,0,4.2,12
11/02/12,63,39,51,5,14,0,0,4.7,10
11/03/12,66,40,53,8,12,0,0,5.5,12
11/04/12,66,40,53,8,12,0,0,5.1,10
11/05/12,68,40,54,10,11,0,0,5,12
11/06/12,71,42,57,13,8,0,0,6.3,14
11/07/12,72,49,61,17,4,0,0,17.9,31
11/08/12,61,32,47,4,18,1.07,5,12,37
11/09/12,33,25,29,-13,36,0.37,8.5,5.3,17
11/10/12,32,21,27,-15,38,0.09,1.7,6.5,15
11/11/12,35,21,28,-14,37,0,0,6.5,15
11/12/12,41,25,33,-8,32,0,0,3.6,8
11/13/12,46,31,39,-2,26,0,0,3.6,13
11/14/12,49,31,40,0,25,0,0,3.4,8
11/15/12,50,34,42,2,23,0,0,4.1,24
11/16/12,58,42,50,11,15,0.03,0,11.6,26
11/17/12,57,40,49,10,16,0.01,0,12.3,24
11/18/12,60,40,50,12,15,0,0,7.7,21
11/19/12,63,42,53,15,12,0,0,10.4,20
11/20/12,63,44,54,17,11,0.01,0,15.2,24
11/21/12,49,32,41,4,24,0,0,5.8,18
11/22/12,51,30,41,5,24,0,0,3,9
11/23/12,53,27,40,4,25,0,0,2.9,9
11/24/12,48,28,38,2,27,0,0,3.1,9
11/25/12,49,29,39,4,26,0,0,2.4,7
11/26/12,53,28,41,6,24,0,0,3.1,9
11/27/12,63,30,47,13,18,0,0,6,23
11/28/12,60,36,48,14,17,0,0,11.2,24
11/29/12,59,49,54,20,11,0.1,0,15,30
11/30/12,57,49,53,20,12,0.01,0,14.2,22
12/01/12,58,41,50,17,15,0.16,0,21.8,40
12/02/12,50,33,42,9,23,0,0,4.9,12
12/03/12,51,33,42,10,23,0.01,0,8.2,18
12/04/12,48,40,44,12,21,0.09,0,2.2,10
12/05/12,48,38,43,11,22,0.01,0,2.7,15
12/06/12,46,34,40,8,25,0,0,4.6,13
12/07/12,43,24,34,3,31,0.22,3.4,7.5,22
12/08/12,29,22,26,-5,39,0.01,0.1,4.8,17
12/09/12,33,22,28,-3,37,0.02,0.01,9,18
12/10/12,45,26,36,5,29,0,0,11.7,22
12/11/12,50,42,46,16,19,0,0,17.2,33
12/12/12,53,41,47,17,18,0,0,10.4,20
12/13/12,44,34,39,9,26,0.12,0.01,5.8,13
12/14/12,36,33,35,5,30,0.13,1.1,3.5,13
12/15/12,40,32,36,6,29,0.01,0.2,9.7,23
12/16/12,55,35,45,15,20,0.05,0.01,18.4,33
12/17/12,36,26,31,1,34,0.03,0.01,7.1,15
12/18/12,31,21,26,-4,39,0,0,8.9,14
12/19/12,35,20,28,-1,37,0,0,7.2,16
12/20/12,41,20,31,2,34,0,0,4.3,14
12/21/12,49,22,36,7,29,0,0,11.2,28
12/22/12,47,34,41,12,24,0.01,0,9.3,25
12/23/12,44,24,34,5,31,0.23,1.8,10.5,28
12/24/12,31,21,26,-3,39,0,0,4.9,12
12/25/12,32,26,29,0,36,0.13,2.5,7.5,20
12/26/12,29,25,27,-2,38,0.14,2.8,6,13
12/27/12,33,17,25,-4,40,0.04,0.9,3.2,9
12/28/12,29,16,23,-6,42,0,0,5.4,12
12/29/12,29,16,23,-6,42,0,0,4.6,10
12/30/12,27,11,19,-10,46,0.01,0.01,3.6,10
12/31/12,24,10,17,-12,48,0.01,0.01,7.3,12
01/01/13,22,7,15,-14,50,0.01,0.2,5.8,12
01/02/13,20,7,14,-15,51,0.01,0.01,4.8,12
01/03/13,20,6,13,-16,52,0,0,5.3,9
01/04/13,20,4,12,-17,53,0,0,3.2,10
01/05/13,24,8,16,-13,49,0.01,0.01,4.3,18
01/06/13,32,23,28,-1,37,0,0,3.9,8
01/07/13,39,17,28,-1,37,0,0,4.4,13
01/08/13,49,23,36,7,29,0.42,6.3,19.6,33
01/09/13,24,17,21,-8,44,0.09,2.6,9.2,21
01/10/13,20,2,11,-18,54,0.07,1.3,6.2,14
01/11/13,14,0,7,-22,58,0.01,0.01,3.8,12
01/12/13,15,-2,7,-22,58,0.01,0.01,4.8,13
01/13/13,21,11,16,-13,49,0.01,0.01,5.9,12
01/14/13,27,12,20,-9,45,0,0,3.6,12
01/15/13,23,2,13,-16,52,0.01,0.01,3.6,10
01/16/13,22,2,12,-17,53,0.01,0.1,3.6,9
01/17/13,21,4,13,-17,52,0.01,0.01,3.7,9
01/18/13,20,6,13,-17,52,0.01,0.01,2.7,10
01/19/13,20,3,12,-18,53,0.01,0.01,4.1,10
01/20/13,21,3,12,-18,53,0.01,0.01,3.9,9
01/21/13,20,4,12,-18,53,0.01,0.01,4.4,10
01/22/13,30,15,23,-7,42,0.09,0.01,2.9,13
01/23/13,36,25,31,1,34,0,0,3.7,12
01/24/13,34,31,33,3,32,0,0,4.9,14
01/25/13,38,28,33,3,32,0.58,9.3,7.6,23
01/26/13,32,21,27,-3,38,0.03,0.6,4.4,13
01/27/13,30,23,27,-3,38,0.1,1.9,8.2,20
01/28/13,35,24,30,0,35,0.13,1.5,9.1,17
01/29/13,44,33,39,9,26,0,0,4.4,13
01/30/13,46,26,36,5,29,0,0,4.8,12
01/31/13,35,14,25,-6,40,0,0,3.7,9
02/01/13,28,24,26,-5,39,0.01,0.01,2.6,10
02/02/13,32,18,25,-6,40,0.01,0.01,3.8,14
02/03/13,32,17,25,-6,40,0,0,6.2,16
02/04/13,33,24,29,-3,36,0.01,0.01,3.6,10
02/05/13,34,16,25,-7,40,0.01,0.01,4.5,15
02/06/13,43,19,31,-1,34,0.03,0.4,4.1,23
02/07/13,32,23,28,-4,37,0.09,2,8.6,21
02/08/13,31,20,26,-6,39,0.1,1.9,5.1,14
02/09/13,30,16,23,-10,42,0.01,0.01,4.5,13
02/10/13,30,9,20,-13,45,0,0,6.2,14
02/11/13,38,25,32,-1,33,0,0,4.6,14
02/12/13,40,26,33,-1,32,0.01,0.01,5,9
02/13/13,40,25,33,-1,32,0,0,4.8,10
02/14/13,38,24,31,-3,34,0,0,5.2,12
02/15/13,36,22,29,-6,36,0.01,0.01,3.9,13
02/16/13,39,22,31,-4,34,0,0,7,15
02/17/13,51,23,37,2,28,0,0,12,15
02/18/13,40,30,35,-1,30,0.05,0.6,8.2,16
02/19/13,35,26,31,-5,34,0.03,0.7,3.6,13
02/20/13,37,25,31,-5,34,0.1,2.4,5.5,14
02/21/13,37,25,31,-6,34,0.27,6.2,11.5,36
02/22/13,31,13,22,-15,43,0.01,0.01,5.9,15
02/23/13,36,17,27,-11,38,0,0,7.7,15
02/24/13,33,22,28,-10,37,0.01,0.5,6.8,16
02/25/13,35,19,27,-11,38,0,0,6.2,12
02/26/13,39,22,31,-8,34,0,0,4.9,12
02/27/13,45,33,39,0,26,0,0,3.7,13
02/28/13,50,29,40,0,25,0,0,5.1,12
03/01/13,47,35,41,1,24,0.34,0,4.9,22
03/02/13,38,28,33,-7,32,0,0,8.2,17
03/03/13,45,25,35,-6,30,0,0,6.5,16
03/04/13,62,39,51,10,14,0.01,0,16.6,35
03/05/13,46,34,40,-1,25,0.01,0,5.8,14
03/06/13,47,37,42,0,23,0.02,0,6.3,13
03/07/13,49,33,41,-1,24,0.01,0,12.8,24
03/08/13,49,28,39,-3,26,0,0,4.5,13
03/09/13,56,34,45,2,20,0,0,7.4,15
03/10/13,58,40,49,6,16,0,0,4.5,12
03/11/13,67,39,53,10,12,0,0,7.6,17
03/12/13,74,41,58,14,7,0,0,5.1,15
03/13/13,68,43,56,12,9,0,0,3.2,14
03/14/13,60,43,52,8,13,0,0,5.5,14
03/15/13,52,30,41,-3,24,0.01,0,10,25
03/16/13,54,32,43,-1,22,0,0,3.9,20
03/17/13,56,31,44,-1,21,0,0,4,13
03/18/13,57,44,51,6,14,0.03,0,11.2,21
03/19/13,52,31,42,-3,23,0.17,1,9.5,31
03/20/13,39,25,32,-13,33,0.1,1,8.6,31
03/21/13,38,22,30,-16,35,0.05,0.7,7.6,17
03/22/13,41,24,33,-13,32,0,0,5.8,13
03/23/13,52,27,40,-6,25,0,0,4.6,12
03/24/13,57,36,47,1,18,0,0,6.1,14
03/25/13,65,33,49,3,16,0,0,4.8,13
03/26/13,69,44,57,11,8,0,0,5,20
03/27/13,66,46,56,9,9,0,0,4.5,15
03/28/13,67,43,55,8,10,0,0,6.1,14
03/29/13,71,39,55,8,10,0,0,6.6,15
03/30/13,59,43,51,4,14,0.44,0,9,29
03/31/13,61,42,52,5,13,0.19,0,6.5,15
04/01/13,68,43,56,8,9,0,0,7.1,12
04/02/13,73,48,61,13,4,0,0,12.7,25
04/03/13,65,46,56,8,9,0.16,0,10,26
04/04/13,62,45,54,6,11,0,0,8.6,21
04/05/13,64,43,54,6,11,0,0,6.1,16
04/06/13,50,36,43,-6,22,0.6,0,14.3,35
04/07/13,43,30,37,-12,28,0,0,11,35
04/08/13,54,30,42,-7,23,0.01,0,4.4,14
04/09/13,58,42,50,1,15,0.14,0,8.2,17
04/10/13,61,38,50,1,15,0,0,6.1,12
04/11/13,61,38,50,0,15,0.05,0,10.3,25
04/12/13,49,32,41,-9,24,0,0,8.5,21
04/13/13,50,34,42,-8,23,0.12,0.1,5.3,14
04/14/13,45,34,40,-10,25,0.01,0.01,5.7,16
04/15/13,48,30,39,-12,26,0,0,11,26
04/16/13,50,27,39,-12,26,0,0,7.5,18
04/17/13,56,37,47,-4,18,0.05,0,8,20
04/18/13,59,44,52,0,13,0.2,0,6,20
04/19/13,66,39,53,1,12,0,0,6.6,20
04/20/13,56,38,47,-5,18,0,0,10.1,22
04/21/13,51,31,41,-11,24,0,0,5.6,16
04/22/13,61,37,49,-4,16,0,0,5.5,15
04/23/13,65,38,52,-1,13,0,0,6,15
04/24/13,71,41,56,3,9,0,0,6.1,12
04/25/13,75,45,60,6,5,0,0,6.5,13
04/26/13,76,51,64,10,1,0,0,7.6,17
04/27/13,75,47,61,7,4,0,0,4,17
04/28/13,61,41,51,-4,14,0,0,11.7,22
04/29/13,54,36,45,-10,20,0.01,0.01,10.1,22
04/30/13,63,33,48,-7,17,0,0,4.7,15
05/01/13,71,40,56,0,9,0,0,6.7,15
05/02/13,74,42,58,2,7,0,0,5.8,16
05/03/13,78,48,63,7,2,0,0,7.2,21
05/04/13,76,55,66,9,0,0.01,0,11.8,25
05/05/13,71,49,60,3,5,0.05,0,8.1,28
05/06/13,65,47,56,-1,9,0.03,0,5.3,22
05/07/13,78,46,62,4,3,0,0,6.6,21
05/08/13,80,50,65,7,0,0,0,7,20
05/09/13,84,55,70,12,0,0,0,6.1,15
05/10/13,88,54,71,12,0,0,0,6.5,13
05/11/13,93,62,78,19,0,0,0,9.8,18
05/12/13,89,64,77,18,0,0,0,6.4,22
05/13/13,87,61,74,14,0,0.01,0,7.5,28
05/14/13,81,62,72,12,0,0.01,0,9.1,20
05/15/13,66,51,59,-1,6,0.08,0,7.1,21
05/16/13,65,50,58,-2,7,0.27,0,5.3,14
05/17/13,65,49,57,-4,8,0.09,0,8.1,22
05/18/13,68,50,59,-2,6,0.1,0,6.9,20
05/19/13,78,51,65,4,0,0,0,11.6,20
05/20/13,87,49,68,6,0,0,0,17.2,26
05/21/13,71,42,57,-5,8,0,0,7.9,25
05/22/13,77,46,62,0,3,0,0,6.2,14
05/23/13,86,58,72,9,0,0,0,13.7,25
05/24/13,86,58,72,9,0,0,0,13.3,25
05/25/13,74,53,64,1,1,0,0,8.7,23
05/26/13,64,50,57,-7,8,0.6,0,6.6,20
05/27/13,68,48,58,-6,7,0.03,0,5.6,20
05/28/13,69,48,59,-5,6,0,0,6.9,17
05/29/13,69,48,59,-5,6,0,0,5.7,17
05/30/13,78,48,63,-2,2,0,0,6.2,12
05/31/13,93,53,73,8,0,0,0,9.6,29
06/01/13,76,55,66,1,0,0,0,8.1,20
06/02/13,82,51,67,1,0,0,0,6.2,16
06/03/13,83,56,70,4,0,0,0,4.7,13
06/04/13,88,57,73,7,0,0,0,6.3,14
06/05/13,92,63,78,11,0,0,0,5.9,15
06/06/13,87,62,75,8,0,0,0,6.9,16
06/07/13,97,63,80,13,0,0,0,6.7,17
06/08/13,100,73,87,19,0,0,0,12.7,29
06/09/13,92,71,82,14,0,0,0,9.9,24
06/10/13,97,65,81,13,0,0,0,12.2,37
06/11/13,94,62,78,9,0,0,0,12.2,37
06/12/13,75,54,65,-4,0,0,0,8.6,16
06/13/13,84,52,68,-1,0,0,0,5.7,16
06/14/13,94,59,77,7,0,0,0,9.4,23
06/15/13,96,61,79,9,0,0,0,6.4,15
06/16/13,98,63,81,11,0,0,0,14.9,26
06/17/13,83,56,70,-1,0,0,0,14.1,30
06/18/13,76,49,63,-8,2,0,0,6.4,15
06/19/13,78,51,65,-7,0,0,0,7,17
06/20/13,78,58,68,-4,0,0,0,5.9,16
06/21/13,87,55,71,-1,0,0,0,5.7,14
06/22/13,91,68,80,7,0,0.01,0,15.9,35
06/23/13,89,62,76,3,0,0,0,5.6,15
06/24/13,94,66,80,6,0,0,0,5.7,16
06/25/13,101,68,85,11,0,0,0,6.1,15
06/26/13,105,71,88,14,0,0,0,5.4,16
06/27/13,105,74,90,15,0,0,0,5.6,16
06/28/13,103,77,90,15,0,0,0,8.2,20
06/29/13,104,71,88,13,0,0,0,5.4,15
06/30/13,102,74,88,12,0,0,0,6.9,17
07/01/13,100,73,87,11,0,0,0,5.8,17
07/02/13,93,68,81,5,0,0.53,0,7.2,24
07/03/13,93,68,81,4,0,0.18,0,8.1,32
07/04/13,94,70,82,5,0,0.11,0,12.1,32
07/05/13,95,71,83,6,0,0.01,0,11.6,32
07/06/13,95,69,82,4,0,0.01,0,8.1,29
07/07/13,99,73,86,8,0,0,0,6.5,14
07/08/13,104,71,88,10,0,0,0,8,14
07/09/13,94,71,83,5,0,0.01,0,7,31
07/10/13,89,71,80,2,0,0.01,0,8.2,16
07/11/13,92,71,82,3,0,0.1,0,7.5,31
07/12/13,97,66,82,3,0,0,0,5.8,16
07/13/13,100,70,85,6,0,0.02,0,5.5,28
07/14/13,98,70,84,5,0,0.21,0,10.1,30
07/15/13,97,71,84,5,0,0,0,9.4,26
07/16/13,100,74,87,7,0,0,0,6.6,16
07/17/13,102,71,87,7,0,0,0,6,15
07/18/13,102,71,87,7,0,0,0,5.5,12
07/19/13,101,71,86,6,0,0,0,6.9,12
07/20/13,102,73,88,8,0,0,0,6.1,16
07/21/13,100,72,86,6,0,0,0,6,14
07/22/13,97,73,85,5,0,0,0,6.8,18
07/23/13,98,75,87,7,0,0,0,6.7,14
07/24/13,101,71,86,6,0,0,0,6.7,14
07/25/13,86,71,79,-1,0,0.01,0,8.7,18
07/26/13,89,69,79,-1,0,0.01,0,8.4,31
07/27/13,89,71,80,0,0,0.01,0,9.3,25
07/28/13,95,71,83,3,0,0.01,0,8.6,18
07/29/13,101,75,88,8,0,0,0,11.3,22
07/30/13,101,75,88,8,0,0.02,0,16,29
07/31/13,94,65,80,0,0,0,0,5.7,14
08/01/13,96,68,82,2,0,0,0,8.5,21
08/02/13,99,73,86,6,0,0,0,8.8,21
08/03/13,98,74,86,7,0,0.01,0,9,23
08/04/13,98,72,85,6,0,0,0,5.4,16
08/05/13,96,70,83,4,0,0,0,8.2,22
08/06/13,94,72,83,4,0,0,0,11.3,37
08/07/13,90,71,81,3,0,16,0,0,0,9.6,21,160,
08/08/13,95,70,83,5,0,18,0,0,0,8.2,16,10,
08/09/13,98,77,88,10,0,23,0,0,0,12.3,23,170,
08/10/13,93,72,83,5,0,18,0,0,,0,7.4,16,340
08/11/13,95,69,82,3,0,0.01,0,11.9,36
08/12/13,95,72,84,5,0,0,0,12.9,22
08/13/13,95,73,84,6,0,0,0,10.4,20
08/14/13,95,73,84,6,0,0,0,10.5,26
08/15/13,95,69,82,4,0,0,0,8.1,16
08/16/13,99,72,86,8,0,0,0,8.9,18
08/17/13,100,69,85,7,0,0,0,8.1,16
08/18/13,99,69,84,7,0,0,0,8.3,17
08/19/13,97,76,87,10,0,0,0,10.4,26
08/20/13,98,72,85,8,0,0,0,7.4,14
08/21/13,96,72,84,7,0,0,0,7.6,21
08/22/13,95,73,84,8,0,0,0,7.7,15
08/23/13,94,71,83,7,0,0,0,6.2,14
08/24/13,95,73,84,8,0,0.02,0,7.1,24
08/25/13,82,69,76,1,0,0.02,0,14.3,37
08/26/13,90,66,78,3,0,0.01,0,12.4,30
08/27/13,89,68,79,4,0,0,0,13.9,25
08/28/13,84,71,78,4,0,0,0,12.5,23
08/29/13,84,67,76,2,0,0.05,0,9.2,22
08/30/13,93,67,80,6,0,0.03,0,8.7,31
08/31/13,97,71,84,10,0,0,0,5.9,13
09/01/13,97,71,84,11,0,0,0,7.3,14
09/02/13,93,72,83,10,0,0,0,7,21
09/03/13,90,72,81,9,0,0.01,0,7.3,15
09/04/13,88,76,82,10,0,0.01,0,9.2,17
09/05/13,91,67,79,7,0,0.01,0,7.3,9
09/06/13,92,65,79,8,0,0.01,0,4.6,13
09/07/13,97,74,86,15,0,0,0,8.6,22
09/08/13,98,72,85,15,0,0.01,0,11,35
09/09/13,87,67,77,7,0,0.17,0,7,22
09/10/13,77,64,71,1,0,0.27,0,7.3,18
09/11/13,83,63,73,4,0,0,0,6.1,14
09/12/13,82,63,73,4,0,0.01,0,4.9,16
09/13/13,85,65,75,7,0,0.25,0,8.2,18
09/14/13,82,65,74,6,0,0.02,0,10.4,30
09/15/13,74,63,69,2,0,0.16,0,4.2,17
09/16/13,73,61,67,0,0,0.14,0,3.5,20
09/17/13,82,58,70,4,0,0,0,5,14
09/18/13,89,65,77,11,0,0.01,0,11.1,18
09/19/13,92,68,80,14,0,0.01,0,18.4,33
09/20/13,78,54,66,1,0,0,0,7.9,18
09/21/13,72,47,60,-5,5,0,0,3.9,12
09/22/13,82,48,65,1,0,0,0,5.8,22
09/23/13,90,64,77,13,0,0,0,16.6,32
09/24/13,78,58,68,5,0,0,0,11.4,28
09/25/13,72,53,63,0,2,0,0,5.2,14
09/26/13,86,57,72,10,0,0,0,16.3,33
09/27/13,68,48,58,-4,7,0.11,0,9.5,28
09/28/13,58,47,53,-8,12,0.02,0,8.1,21
09/29/13,52,43,48,-13,17,0.03,0,5.9,14
09/30/13,68,42,55,-5,10,0,0,11.2,20
10/01/13,75,51,63,3,2,0.01,0,13.5,32
10/02/13,84,57,71,11,0,0,0,13.7,25
10/03/13,77,49,63,4,2,0,0,5.3,15
10/04/13,68,52,60,1,5,0.01,0,6.5,21
10/05/13,57,38,48,-10,17,0.14,0.01,10.6,24
10/06/13,51,37,44,-14,21,0.01,0.01,6,13
10/07/13,58,34,46,-11,19,0,0,5.1,13
10/08/13,67,38,53,-4,12,0,0,4.8,10
10/09/13,76,43,60,4,5,0,0,7.4,16
10/10/13,69,45,57,1,8,0,0,8.9,22
10/11/13,74,41,58,2,7,0.04,0,5,23
10/12/13,51,46,49,-6,16,0.35,0,6.3,14
10/13/13,60,43,52,-3,13,0,0,6.4,14
10/14/13,68,44,56,2,9,0,0,9.3,22
10/15/13,59,48,54,0,11,0.06,0,7.1,18
10/16/13,57,41,49,-5,16,0.01,0,7.3,17
10/17/13,56,36,46,-7,19,0,0,3.8,15
10/18/13,59,35,47,-6,18,0,0,5.6,10
10/19/13,62,38,50,-3,15,0,0,5.6,13
10/20/13,60,38,49,-3,16,0,0,4.5,10
10/21/13,66,38,52,0,13,0,0,6.3,10
10/22/13,64,40,52,1,13,0,0,5.6,13
10/23/13,65,38,52,1,13,0,0,5,10
10/24/13,68,40,54,3,11,0,0,5,10
10/25/13,68,41,55,5,10,0,0,4.7,10
10/26/13,69,41,55,5,10,0,0,4.1,10
10/27/13,69,41,55,5,10,0,0,2.7,12
10/28/13,70,40,55,6,10,0,0,4.9,12
10/29/13,74,43,59,10,6,0.01,0,10.1,25
10/30/13,70,45,58,10,7,0.01,0,12.4,32
10/31/13,55,40,48,0,17,0.02,0,6.9,22
11/01/13,51,40,46,-1,19,0.11,0,6.1,15
11/02/13,55,44,50,3,15,0,0,3.6,10
11/03/13,60,43,52,5,13,0,0,5,13
11/04/13,71,39,55,9,10,0,0,10.6,24
11/05/13,56,31,44,-2,21,0.13,0.4,8.1,24
11/06/13,44,32,38,-7,27,0.01,0.01,4.1,24
11/07/13,42,31,37,-8,28,0.15,3.1,3.7,12
11/08/13,55,36,46,2,19,0,0,8.4,17
11/09/13,60,40,50,6,15,0,0,9,23
11/10/13,62,41,52,8,13,0,0,6.2,24
11/11/13,62,35,49,6,16,0,0,2.7,9
11/12/13,65,35,50,8,15,0,0,3.5,9
11/13/13,64,34,49,7,16,0,0,3,10
11/14/13,67,36,52,10,13,0,0,2.8,13
11/15/13,60,36,48,7,17,0,0,4,12
11/16/13,60,33,47,6,18,0,0,7.1,20
11/17/13,45,33,39,-1,26,0.01,0.01,7.9,18
11/18/13,43,34,39,-1,26,0.14,0,10.5,21
11/19/13,55,36,46,7,19,0.01,0,5.5,12
11/20/13,63,36,50,11,15,0,0,8.4,18
11/21/13,55,47,51,13,14,0.01,0,5,20
11/22/13,54,43,49,11,16,0.08,0,7.4,17
11/23/13,43,36,40,3,25,0.09,0.01,9.5,24
11/24/13,42,30,36,-1,29,0,0,6.5,24
11/25/13,51,23,37,1,28,0,0,4.7,20
11/26/13,49,33,41,5,24,0,0,3.6,13
11/27/13,48,29,39,3,26,0,0,4.1,9
11/28/13,51,29,40,5,25,0,0,4.2,9
11/29/13,52,29,41,6,24,0,0,2.2,9
11/30/13,49,30,40,6,25,0,0,1.9,8
12/01/13,53,30,42,8,23,0,0,2.6,9
12/02/13,54,30,42,8,23,0,0,3.9,9
12/03/13,55,34,45,12,20,0,0,8.2,16
12/04/13,60,44,52,19,13,0.01,0,10,23
12/05/13,47,22,35,2,30,0.4,6,10.5,23
12/06/13,23,8,16,-16,49,0.01,0.01,5.7,15
12/07/13,22,7,15,-17,50,0,0,5.1,12
12/08/13,23,11,17,-15,48,0,0,9.3,16
12/09/13,30,17,24,-8,41,0.07,1.3,10.6,17
12/10/13,23,14,19,-12,46,0.12,2.8,4.6,15
12/11/13,19,4,12,-19,53,0.03,0.2,6,18
12/12/13,22,7,15,-16,50,0,0,4.6,12
12/13/13,26,5,16,-15,49,0,0,3.5,9
12/14/13,25,5,15,-15,50,0,0,3,8
12/15/13,25,13,19,-11,46,0.01,0.01,1.9,10
12/16/13,36,16,26,-4,39,0,0,1.5,9
12/17/13,34,9,22,-8,43,0,0,3.9,12
12/18/13,28,11,20,-10,45,0,0,3.1,13
12/19/13,27,14,21,-9,44,0,0,1.8,8
12/20/13,29,15,22,-8,43,0.01,0.01,3.1,10
12/21/13,35,28,32,2,33,0.9,6.9,7.8,14
12/22/13,30,19,25,-4,40,0.01,0.01,3.9,12
12/23/13,33,25,29,0,36,0.08,0.6,4.5,10
12/24/13,35,29,32,3,33,0.06,0.6,8.3,14
12/25/13,40,34,37,8,28,0.01,0.01,8.9,14
12/26/13,42,24,33,4,32,0.01,0,6.9,15
12/27/13,37,17,27,-2,38,0,0,5.2,10
12/28/13,32,14,23,-6,42,0,0,2.8,8
12/29/13,32,13,23,-6,42,0,0,1.9,8
12/30/13,29,14,22,-7,43,0,0,3.4,12
12/31/13,35,12,24,-5,41,0,0,4.6,9
01/01/14,36,14,25,-4,40,0,0,2.7,9
01/02/14,39,19,29,0,36,0,0,2.2,8
01/03/14,39,17,28,-1,37,0,0,2.2,9
01/04/14,33,15,24,-5,41,0.01,0.01,3.8,15
01/05/14,33,16,25,-4,40,0.11,2.5,6.2,15
01/06/14,34,11,23,-6,42,0,0,3.8,12
01/07/14,35,16,26,-3,39,0,0,5.8,10
01/08/14,32,17,25,-4,40,0.01,0.01,4.1,13
01/09/14,35,28,32,3,33,0.19,3,3.5,12
01/10/14,36,22,29,0,36,0.13,2.6,7.1,21
01/11/14,44,30,37,8,28,0,0,8.3,22
01/12/14,52,36,44,15,21,0.01,0,14.3,36
01/13/14,40,33,37,8,28,0.14,0.2,8.1,29
01/14/14,44,32,38,9,27,0.01,0.01,7.9,13
01/15/14,45,26,36,7,29,0,0,4.3,9
01/16/14,43,26,35,6,30,0,0,5.1,10
01/17/14,40,19,30,1,35,0,0,3,8
01/18/14,40,18,29,0,36,0,0,3.2,10
01/19/14,38,18,28,-1,37,0,0,3.1,12
01/20/14,39,15,27,-3,38,0,0,3.4,10
01/21/14,38,19,29,-1,36,0,0,4.5,16
01/22/14,37,16,27,-3,38,0,0,3.1,9
01/23/14,34,15,25,-5,40,0.01,0.01,2.8,12
01/24/14,38,22,30,0,35,0.01,0.01,3.2,12
01/25/14,37,16,27,-3,38,0,0,3.1,9
01/26/14,37,19,28,-2,37,0,0,2.9,8
01/27/14,41,18,30,0,35,0,0,3.1,9
01/28/14,41,22,32,2,33,0,0,3.7,10
01/29/14,41,22,32,2,33,0,0,3.8,10
01/30/14,50,31,41,11,24,0.51,1,10.7,36
01/31/14,39,32,36,6,29,0.12,0.8,6.8,15
02/01/14,36,29,33,3,32,0,0,4.6,12
02/02/14,36,28,32,1,33,0.01,0.01,2.9,12
02/03/14,37,26,32,1,33,0,0,9,21
02/04/14,40,24,32,1,33,0.02,0.3,6.6,15
02/05/14,33,19,26,-5,39,0.08,1.5,4.4,18
02/06/14,33,19,26,-5,39,0,0,7.1,16
02/07/14,34,21,28,-4,37,0,0,2.8,10
02/08/14,43,26,35,3,30,0.01,0.2,12.1,25
02/09/14,46,41,44,12,21,0.12,0,12.6,29
02/10/14,48,40,44,12,21,0.2,0,9.7,29
02/11/14,47,34,41,9,24,0.25,0,5.2,14
02/12/14,50,33,42,9,23,0,0,7.1,15
02/13/14,50,37,44,11,21,0.01,0,10.1,23
02/14/14,61,43,52,19,13,0.17,0,7.9,28
02/15/14,58,43,51,17,14,0.01,0,8.9,24
02/16/14,61,42,52,18,13,0,0,7.3,21
02/17/14,60,34,47,13,18,0.01,0.01,11.8,33
02/18/14,59,33,46,11,19,0,0,11.8,24
02/19/14,53,31,42,7,23,0,0,5.8,15
02/20/14,52,32,42,7,23,0.04,0.2,14.5,26
02/21/14,44,31,38,2,27,0,0,6.5,13
02/22/14,52,34,43,7,22,0,0,5.3,12
02/23/14,54,33,44,8,21,0,0,5.3,10
02/24/14,61,34,48,11,17,0,0,6,12
02/25/14,62,41,52,15,13,0,0,6.8,13
02/26/14,64,38,51,13,14,0,0,6,15
02/27/14,65,40,53,15,12,0,0,4.8,12
02/28/14,59,42,51,13,14,0.56,0,12.5,28
03/01/14,57,41,49,10,16,0.1,0,13.5,29
03/02/14,58,44,51,12,14,0.03,0,17.4,36
03/03/14,57,44,51,11,14,0.01,0,6.9,18
03/04/14,62,45,54,14,11,0.01,0,7.6,20
03/05/14,52,42,47,7,18,0.17,0,7.6,21
03/06/14,60,39,50,9,15,0,0,9.5,21
03/07/14,62,46,54,13,11,0.09,0,8.6,25
03/08/14,52,42,47,6,18,0.01,0,8.5,20
03/09/14,60,34,47,5,18,0,0,5.1,13
03/10/14,65,39,52,10,13,0,0,7.9,18
03/11/14,66,43,55,13,10,0.01,0,14.9,36
03/12/14,50,35,43,0,22,0.04,0.01,10.3,22
03/13/14,56,31,44,1,21,0,0,4.2,12
03/14/14,61,34,48,5,17,0,0,5.2,16
03/15/14,65,35,50,6,15,0.01,0,8.7,38
03/16/14,56,38,47,3,18,0,0,9.7,26
03/17/14,67,37,52,8,13,0,0,9.9,17
03/18/14,63,36,50,6,15,0.01,0.01,19.4,40
03/19/14,47,34,41,-3,24,0.01,0.01,5.5,16
03/20/14,57,30,44,-1,21,0,0,8.3,18
03/21/14,67,37,52,7,13,0,0,7.7,16
03/22/14,54,35,45,0,20,0,0,6.2,16
03/23/14,55,38,47,2,18,0,0,7.2,15
03/24/14,62,33,48,2,17,0,0,8,17
03/25/14,64,37,51,5,14,0,0,6,13
03/26/14,75,41,58,12,7,0,0,11.9,24
03/27/14,64,41,53,7,12,0.18,0,9.5,25
03/28/14,50,40,45,-1,20,0.07,0,7.7,30
03/29/14,59,39,49,3,16,0,0,6.9,17
03/30/14,66,47,57,10,8,0,0,16.3,33
03/31/14,63,37,50,3,15,0.49,0.5,13.7,30
04/01/14,55,36,46,-1,19,0.02,0,8,24
04/02/14,53,38,46,-1,19,0.16,0.01,10.5,30
04/03/14,52,37,45,-2,20,0.01,0.01,5.3,13
04/04/14,57,35,46,-2,19,0,0,5.5,14
04/05/14,62,40,51,3,14,0.01,0,8.3,15
04/06/14,56,43,50,2,15,0.05,0,6.8,23
04/07/14,60,41,51,3,14,0.01,0,7,18
04/08/14,65,42,54,6,11,0,0,5.7,15
04/09/14,78,45,62,13,3,0,0,7.1,13
04/10/14,79,48,64,15,1,0,0,8.5,17
04/11/14,70,44,57,8,8,0,0,5.2,16
04/12/14,75,47,61,12,4,0,0,7.3,14
04/13/14,69,49,59,10,6,0.02,0,8.1,41
04/14/14,54,38,46,-4,19,0.02,0,14.9,33
04/15/14,56,29,43,-7,22,0,0,5.6,12
04/16/14,69,40,55,5,10,0,0,11.2,26
04/17/14,58,40,49,-1,16,0,0,6.1,17
04/18/14,71,37,54,3,11,0,0,12.6,23
04/19/14,66,47,57,6,8,0,0,11.9,25
04/20/14,72,46,59,8,6,0,0,4,15
04/21/14,71,51,61,9,4,0.01,0,7.8,18
04/22/14,77,41,59,7,6,0,0,5.3,17
04/23/14,77,39,58,6,7,0.22,0,19.8,44
04/24/14,53,39,46,-6,19,0.08,0,7.2,22
04/25/14,67,39,53,0,12,0,0,10.9,24
04/26/14,67,45,56,3,9,0.01,0,7.6,26
04/27/14,47,40,44,-9,21,0.69,0,6.2,18
04/28/14,54,34,44,-10,21,0.06,0,7.4,26
04/29/14,50,35,43,-11,22,0.23,0.01,11.8,23
04/30/14,55,32,44,-10,21,0,0,10.2,28
05/01/14,63,32,48,-7,17,0,0,7.5,23
05/02/14,69,38,54,-1,11,0,0,6.4,16
05/03/14,78,47,63,8,2,0,0,8.3,16
05/04/14,83,55,69,13,0,0,0,10.6,22
05/05/14,76,58,67,11,0,0,0,11.8,23
05/06/14,71,51,61,5,4,0,0,9,22
05/07/14,62,43,53,-4,12,0.04,0,9.2,23
05/08/14,52,42,47,-10,18,0.28,0,6.5,17
05/09/14,61,40,51,-6,14,0.18,0,8.4,17
05/10/14,60,43,52,-6,13,0.45,0,6.2,24
05/11/14,58,44,51,-7,14,0.01,0,7.4,22
05/12/14,52,41,47,-11,18,0.01,0,11.1,23
05/13/14,57,38,48,-11,17,0.01,0,7.4,26
05/14/14,62,35,49,-10,16,0,0,6.1,13
05/15/14,70,38,54,-5,11,0,0,7.1,15
05/16/14,77,46,62,2,3,0,0,6.9,13
05/17/14,79,55,67,7,0,0,0,8.1,15
05/18/14,80,52,66,6,0,0,0,7,14
05/19/14,74,56,65,5,0,0,0,10.9,22
05/20/14,71,50,61,0,4,0,0,9,24
05/21/14,81,49,65,4,0,0,0,6.7,21
05/22/14,80,50,65,4,0,0,0,9.5,23
05/23/14,84,50,67,5,0,0,0,8.3,21
05/24/14,74,55,65,3,0,0,0,8.1,25
05/25/14,72,54,63,1,2,0.07,0,8.6,21
05/26/14,78,52,65,2,0,0,0,6.4,18
05/27/14,86,54,70,7,0,0,0,7.5,16
05/28/14,90,63,77,14,0,0,0,8.6,14
05/29/14,93,67,80,16,0,0,0,16.3,31
05/30/14,77,57,67,3,0,0.01,0,7.9,16
05/31/14,86,56,71,7,0,0,0,7.4,23
06/01/14,89,63,76,12,0,0,0,12.2,25
06/02/14,76,56,66,1,0,0,0,7.8,16
06/03/14,90,53,72,7,0,0,0,7.7,29
06/04/14,85,66,76,11,0,0,0,9.4,25
06/05/14,85,56,71,5,0,0,0,6.5,18
06/06/14,84,55,70,4,0,0,0,6.1,17
06/07/14,88,55,72,6,0,0,0,6.4,16
06/08/14,83,53,68,1,0,0,0,4.6,14
06/09/14,78,62,70,3,0,0,0,9.6,20
06/10/14,85,58,72,5,0,0,0,9,17
06/11/14,91,64,78,10,0,0,0,11.1,21
06/12/14,83,59,71,3,0,0,0,6.6,15
06/13/14,93,59,76,8,0,0.01,0,12.9,36
06/14/14,81,63,72,3,0,0,0,14.7,30
06/15/14,68,50,59,-10,6,0,0,9.5,23
06/16/14,81,53,67,-2,0,0.01,0,9.1,25
06/17/14,73,53,63,-7,2,0.1,0,9.7,25
06/18/14,53,43,48,-22,17,0.49,0,9,21
06/19/14,65,41,53,-17,12,0.01,0,6.6,18
06/20/14,78,47,63,-8,2,0,0,6.7,13
06/21/14,92,56,74,3,0,0,0,8.1,18
06/22/14,87,58,73,1,0,0,0,6,14
06/23/14,89,59,74,2,0,0,0,5.7,15
06/24/14,88,60,74,2,0,0,0,4.8,13
06/25/14,95,60,78,5,0,0,0,6.9,20
06/26/14,93,61,77,4,0,0,0,5.9,16
06/27/14,84,58,71,-3,0,0.61,0,10.8,25
06/28/14,76,59,68,-6,0,0,0,7.7,18
06/29/14,84,56,70,-4,0,0,0,6.6,18
06/30/14,88,58,73,-2,0,0,0,5.7,16
07/01/14,83,60,72,-3,0,0,0,6.4,14
07/02/14,89,58,74,-1,0,0,0,6.2,16
07/03/14,97,64,81,5,0,0,0,7.6,16
07/04/14,98,72,85,9,0,0.01,0,12.2,31
07/05/14,98,73,86,10,0,0,0,11,23
07/06/14,97,74,86,9,0,0,0,10.5,24
07/07/14,99,66,83,6,0,0,0,6.3,15
07/08/14,99,68,84,7,0,0,0,6.7,16
07/09/14,99,69,84,6,0,0,0,6.3,14
07/10/14,95,71,83,5,0,0.01,0,12,33
07/11/14,94,69,82,4,0,0.06,0,10.9,40
07/12/14,87,70,79,1,0,0.03,0,6.9,15
07/13/14,94,66,80,2,0,0,0,4.5,10
07/14/14,98,69,84,5,0,0,0,6,16
07/15/14,103,74,89,10,0,0,0,7.9,39
07/16/14,98,77,88,9,0,0,0,10.1,28
07/17/14,90,69,80,1,0,0,0,10,25
07/18/14,93,64,79,0,0,0,0,5.4,16
07/19/14,96,71,84,4,0,0,0,7.3,15
07/20/14,96,70,83,3,0,0,0,6.9,14
07/21/14,94,73,84,4,0,0.13,0,8.3,17
07/22/14,96,68,82,2,0,0,0,13.8,26
07/23/14,98,63,81,1,0,0,0,6,16
07/24/14,103,73,88,8,0,0,0,14.8,24
07/25/14,93,71,82,2,0,0,0,11,20
07/26/14,92,64,78,-2,0,0,0,6.6,16
07/27/14,94,66,80,0,0,0,0,4.9,15
07/28/14,99,65,82,2,0,0,0,5.1,13
07/29/14,92,67,80,0,0,0.15,0,10.3,29
07/30/14,76,66,71,-9,0,0.11,0,5.1,15
07/31/14,82,65,74,-6,0,0.02,0,5.3,16
08/01/14,85,62,74,-6,0,0,0,6,14
08/02/14,91,66,79,-1,0,0,0,5.7,15
08/03/14,94,67,81,1,0,0,0,6.3,18
08/04/14,93,67,80,0,0,0.01,0,9.1,25
08/05/14,86,64,75,-5,0,0.22,0,10.4,33
08/06/14,83,66,75,-4,0,0.19,0,8.1,37
08/07/14,85,63,74,-5,0,0.13,0,7.1,28
08/08/14,81,58,70,-9,0,0.01,0,6.7,17
08/09/14,88,63,76,-3,0,0,0,8.3,21
08/10/14,89,65,77,-2,0,0,0,5.4,15
08/11/14,92,61,77,-2,0,0,0,4.8,13
08/12/14,95,66,81,3,0,0,0,6.9,15
08/13/14,93,65,79,1,0,0.17,0,8.9,45
08/14/14,85,63,74,-4,0,0,0,8.7,24
08/15/14,89,65,77,-1,0,0.09,0,9.9,20
08/16/14,93,70,82,4,0,0.01,0,10.1,20
08/17/14,91,63,77,0,0,0,0,6.1,14
08/18/14,94,63,79,2,0,0,0,6.6,15
08/19/14,94,65,80,3,0,0,0,7.5,28
08/20/14,80,64,72,-5,0,0.08,0,11.5,31
08/21/14,81,61,71,-5,0,0.31,0,12.9,24
08/22/14,82,63,73,-3,0,0.01,0,8.5,24
08/23/14,83,59,71,-5,0,0.3,0,10.4,29
08/24/14,73,54,64,-11,1,0.08,0,8.6,25
08/25/14,79,51,65,-10,0,0.01,0,5.7,22
08/26/14,82,62,72,-3,0,0.15,0,9.5,21
08/27/14,80,60,70,-4,0,0.05,0,8.4,20
08/28/14,76,59,68,-6,0,0,0,4.4,12
08/29/14,85,59,72,-2,0,0,0,7.5,13
08/30/14,89,60,75,1,0,0,0,9.6,17
08/31/14,85,69,77,4,0,0.01,0,9.2,23
09/01/14,76,58,67,-6,0,0,0,8.8,28
09/02/14,80,55,68,-4,0,0,0,6.3,13
09/03/14,89,57,73,1,0,0,0,7.1,15
09/04/14,87,64,76,4,0,0,0,14.3,23
09/05/14,76,54,65,-6,0,0,0,6.7,15
09/06/14,84,59,72,1,0,0,0,6.8,20
09/07/14,87,61,74,4,0,0.1,0,7.8,20
09/08/14,92,64,78,8,0,0,0,9.7,22
09/09/14,87,66,77,7,0,0.02,0,15.4,33
09/10/14,73,57,65,-4,0,0.18,0,9.3,25
09/11/14,78,53,66,-3,0,0,0,7.9,15
09/12/14,74,49,62,-6,3,0,0,8.3,22
09/13/14,73,45,59,-9,6,0,0,4.2,10
09/14/14,85,50,68,1,0,0,0,6.6,12
09/15/14,88,60,74,7,0,0,0,5.6,14
09/16/14,89,64,77,11,0,0.01,0,7.1,14
09/17/14,93,61,77,11,0,0.01,0,7.8,15
09/18/14,94,69,82,16,0,0,0,10.8,20
09/19/14,92,67,80,15,0,0,0,13.6,24
09/20/14,82,61,72,7,0,0.19,0,5.8,16
09/21/14,84,56,70,6,0,0,0,6,14
09/22/14,71,60,66,2,0,0.39,0,6.2,20
09/23/14,77,60,69,6,0,0.01,0,4.3,13
09/24/14,85,58,72,9,0,0,0,6.4,12
09/25/14,89,59,74,12,0,0,0,10.9,24
09/26/14,91,65,78,16,0,0,0,15.1,28
09/27/14,88,64,76,15,0,0.01,0,12.8,33
09/28/14,65,56,61,0,4,1.25,0,11.7,31
09/29/14,69,52,61,1,4,0.14,0,7.3,22
09/30/14,65,50,58,-2,7,0.12,0,8,18
10/01/14,63,51,57,-3,8,0.11,0,6.1,22
10/02/14,56,45,51,-8,14,0.01,0,8,18
10/03/14,64,42,53,-6,12,0,0,6.8,14
10/04/14,68,44,56,-2,9,0,0,3.9,12
10/05/14,71,44,58,0,7,0,0,4.6,12
10/06/14,73,47,60,3,5,0,0,4.5,10
10/07/14,76,49,63,6,2,0,0,4.9,13
10/08/14,79,50,65,9,0,0,0,4.9,12
10/09/14,79,51,65,9,0,0,0,4.3,12
10/10/14,75,47,61,5,4,0,0,5.7,12
10/11/14,74,49,62,7,3,0,0,5.6,10
10/12/14,71,47,59,4,6,0,0,5.5,12
10/13/14,61,44,53,-1,12,0.01,0,13.6,32
10/14/14,65,39,52,-2,13,0,0,6.3,13
10/15/14,75,43,59,5,6,0,0,10.2,24
10/16/14,79,50,65,12,0,0,0,17.8,33
10/17/14,64,46,55,2,10,0,0,4.7,12
10/18/14,69,43,56,3,9,0,0,4.4,10
10/19/14,72,44,58,6,7,0,0,4.4,10
10/20/14,73,44,59,7,6,0,0,5.2,12
10/21/14,79,48,64,13,1,0,0,9.2,17
10/22/14,71,41,56,5,9,0,0,12.5,25
10/23/14,63,38,51,0,14,0,0,5,10
10/24/14,71,43,57,7,8,0,0,6.1,12
10/25/14,79,43,61,11,4,0,0,6.2,21
10/26/14,79,54,67,17,0,0.01,0,17.2,30
10/27/14,67,46,57,8,8,0.01,0,9.1,23
10/28/14,52,39,46,-3,19,0.01,0,4.8,14
10/29/14,59,33,46,-2,19,0,0,5.2,9
10/30/14,65,35,50,2,15,0,0,5.9,9
10/31/14,69,38,54,7,11,0,0,6.1,20
11/01/14,77,50,64,17,1,0,0,13.8,26
11/02/14,72,50,61,14,4,0.01,0,14.9,39
11/03/14,51,40,46,0,19,0.03,0,8.9,21
11/04/14,48,34,41,-5,24,0.01,0,6.9,21
11/05/14,53,29,41,-4,24,0,0,5.8,13
11/06/14,58,37,48,3,17,0,0,5.9,14
11/07/14,61,35,48,4,17,0,0,5.8,12
11/08/14,63,36,50,6,15,0,0,3.9,13
11/09/14,63,35,49,5,16,0,0,5.7,12
11/10/14,67,38,53,10,12,0,0,8.4,17
11/11/14,52,33,43,1,22,0.01,0,8.7,28
11/12/14,45,27,36,-6,29,0,0,8.8,20
11/13/14,36,23,30,-12,35,0,0,4.7,14
11/14/14,33,23,28,-13,37,0.02,0.2,5.2,13
11/15/14,51,31,41,0,24,0.01,0,7.7,20
11/16/14,42,20,31,-9,34,0.08,0.1,11.2,23
11/17/14,29,14,22,-18,43,0,0,5.7,16
11/18/14,36,16,26,-13,39,0,0,4.4,9
11/19/14,44,18,31,-8,34,0,0,5.3,12
11/20/14,46,23,35,-3,30,0,0,2.7,8
11/21/14,50,27,39,1,26,0,0,2.4,9
11/22/14,50,25,38,1,27,0,0,4.5,10
11/23/14,50,35,43,6,22,0.41,0,13.8,36
11/24/14,41,31,36,0,29,0.05,0.5,10.4,29
11/25/14,42,29,36,0,29,0.01,0,10.5,21
11/26/14,45,30,38,2,27,0.01,0,9.5,17
11/27/14,61,35,48,13,17,0,0,7.1,14
11/28/14,58,43,51,16,14,0,0,11.2,18
11/29/14,66,42,54,20,11,0,0,13.9,30
11/30/14,66,49,58,24,7,0,0,15.3,33
12/01/14,57,34,46,12,19,0.01,0,9.5,18
12/02/14,52,34,43,10,22,0,0,3.9,10
12/03/14,48,30,39,6,26,0,0,3.2,10
12/04/14,52,36,44,11,21,0.05,0,6.2,18
12/05/14,59,40,50,18,15,0,0,5.2,15
12/06/14,56,37,47,15,18,0,0,5.1,14
12/07/14,58,39,49,17,16,0,0,7.8,17
12/08/14,58,35,47,15,18,0,0,5.1,12
12/09/14,55,34,45,14,20,0,0,4.8,13
12/10/14,52,32,42,11,23,0,0,4.6,10
12/11/14,55,30,43,12,22,0,0,4.1,13
12/12/14,57,34,46,15,19,0,0,16.5,28
12/13/14,63,49,56,26,9,0.01,0,13.7,24
12/14/14,52,35,44,14,21,0.08,0.01,11.1,26
12/15/14,38,27,33,3,32,0.03,0.2,6,16
12/16/14,43,24,34,4,31,0,0,5.6,13
12/17/14,43,30,37,7,28,0,0,3.6,16
12/18/14,41,30,36,6,29,0,0,1.8,9
12/19/14,46,29,38,8,27,0,0,5.4,10
12/20/14,47,31,39,9,26,0.01,0,9.9,18
12/21/14,42,37,40,11,25,0.04,0,4.7,14
12/22/14,48,38,43,14,22,0.53,0,10.5,22
12/23/14,46,33,40,11,25,0.25,0,11.9,29
12/24/14,39,27,33,4,32,0,0,5.8,17
12/25/14,48,27,38,9,27,0,0,13,29
12/26/14,45,26,36,7,29,0.29,2.7,10.3,23
12/27/14,30,20,25,-4,40,0,0,6.5,18
12/28/14,28,17,23,-6,42,0,0,7.3,14
12/29/14,33,25,29,0,36,0.03,0.6,8.4,18
12/30/14,28,18,23,-6,42,0.1,2.2,5.5,20
12/31/14,21,2,12,-17,53,0,0,6.5,21
01/01/15,24,5,15,-14,50,0,0,3,12
01/02/15,26,11,19,-10,46,0,0,4.6,14
01/03/15,32,20,26,-3,39,0,0,3.5,9
01/04/15,35,20,28,-1,37,0,0,4.9,12
01/05/15,43,30,37,8,28,0,0,4.2,12
01/06/15,47,29,38,9,27,0,0,2.8,9
01/07/15,48,27,38,9,27,0,0,2.7,10
01/08/15,46,26,36,7,29,0,0,2.9,9
01/09/15,44,26,35,6,30,0,0,2.8,9
01/10/15,36,25,31,2,34,0.07,0,2.5,8
01/11/15,45,33,39,10,26,0.03,0,3.1,9
01/12/15,40,32,36,7,29,0.69,0.1,5.1,15
01/13/15,39,30,35,6,30,0.02,0.2,6.9,15
01/14/15,33,27,30,1,35,0,0,3.7,10
01/15/15,38,24,31,2,34,0,0,4.4,13
01/16/15,36,25,31,2,34,0.01,0.01,4.5,15
01/17/15,48,26,37,8,28,0,0,5.2,13
01/18/15,51,36,44,15,21,0.01,0,6.8,15
01/19/15,46,34,40,10,25,0.05,0,5,14
01/20/15,41,28,35,5,30,0,0,3.5,14
01/21/15,37,24,31,1,34,0,0,4,13
01/22/15,40,21,31,1,34,0,0,5.5,10
01/23/15,39,23,31,1,34,0,0,5.4,15
01/24/15,42,23,33,3,32,0,0,4.5,12
01/25/15,52,31,42,12,23,0,0,3.1,9
01/26/15,51,30,41,11,24,0,0,4.8,10
01/27/15,58,29,44,14,21,0,0,6.3,24
01/28/15,50,33,42,12,23,0.01,0,5.1,13
01/29/15,44,28,36,6,29,0,0,3.7,9
01/30/15,44,36,40,10,25,0.01,0,3.9,9
01/31/15,47,30,39,9,26,0,0,7.8,17
02/01/15,50,27,39,8,26,0,0,5,17
02/02/15,56,41,49,18,16,0.01,0,5.3,16
02/03/15,59,41,50,19,15,0.01,0,6.2,15
02/04/15,58,42,50,19,15,0.03,0,5.2,16
02/05/15,65,40,53,22,12,0,0,10.4,24
02/06/15,68,45,57,25,8,0,0,16.3,33
02/07/15,68,51,60,28,5,0.01,0,13.9,31
02/08/15,64,41,53,21,12,0.01,0,5.6,20
02/09/15,58,43,51,19,14,0.11,0,9.7,24
02/10/15,52,37,45,13,20,0.01,0,7.2,18
02/11/15,53,32,43,10,22,0,0,5.1,13
02/12/15,59,35,47,14,18,0,0,4,13
02/13/15,59,32,46,13,19,0,0,3.9,9
02/14/15,60,35,48,14,17,0,0,5.8,12
02/15/15,53,33,43,9,22,0,0,5.9,17
02/16/15,50,30,40,6,25,0,0,8.9,22
02/17/15,49,26,38,3,27,0,0,4.4,9
02/18/15,59,29,44,9,21,0,0,6.4,12
02/19/15,61,32,47,12,18,0,0,4.4,10
02/20/15,51,37,44,8,21,0.01,0,7.8,22
02/21/15,46,31,39,3,26,0.03,0.01,7.7,23
02/22/15,41,24,33,-3,32,0,0,8.1,22
02/23/15,41,21,31,-6,34,0,0,8.9,22
02/24/15,47,23,35,-2,30,0,0,5.3,14
02/25/15,53,34,44,6,21,0,0,8.1,18
02/26/15,39,31,35,-3,30,0.1,0.01,5.8,16
02/27/15,45,29,37,-1,28,0.01,0,7.3,14
02/28/15,45,27,36,-3,29,0.01,0,5.6,17
03/01/15,48,32,40,1,25,0,0,3.3,10
03/02/15,42,32,37,-3,28,0.3,0.3,5.2,14
03/03/15,38,29,34,-6,31,0.18,2.5,7.6,22
03/04/15,40,25,33,-7,32,0,0,5.9,12
03/05/15,50,27,39,-2,26,0,0,7.2,12
03/06/15,55,30,43,2,22,0,0,5.7,12
03/07/15,59,31,45,4,20,0,0,4.8,10
03/08/15,58,32,45,3,20,0,0,6.2,14
03/09/15,59,32,46,4,19,0,0,5.9,15
03/10/15,65,35,50,8,15,0,0,6.8,12
03/11/15,65,42,54,11,11,0.01,0,11.2,23
03/12/15,58,42,50,7,15,0.05,0,5.8,17
03/13/15,64,37,51,8,14,0,0,5.6,14
03/14/15,69,42,56,12,9,0,0,10,22
03/15/15,73,50,62,18,3,0,0,12.4,25
03/16/15,74,52,63,19,2,0,0,8,18
03/17/15,74,47,61,17,4,0,0,10.5,23
03/18/15,62,44,53,9,12,0,0,8.1,21
03/19/15,60,34,47,2,18,0,0,7.1,17
03/20/15,68,38,53,8,12,0,0,6.6,10
03/21/15,71,42,57,12,8,0,0,8.2,22
03/22/15,66,41,54,9,11,0,0,5.3,16
03/23/15,58,40,49,3,16,0.13,0,9.4,29
03/24/15,57,36,47,1,18,0.05,0,8.1,21
03/25/15,51,33,42,-4,23,0,0,7.2,15
03/26/15,61,35,48,2,17,0,0,5.4,12
03/27/15,72,39,56,10,9,0,0,5.6,10
03/28/15,74,47,61,15,4,0,0,10.1,25
03/29/15,66,39,53,6,12,0,0,6.1,16
03/30/15,74,40,57,10,8,0,0,5.4,12
03/31/15,78,48,63,16,2,0,0,15.4,30
04/01/15,54,37,46,-1,19,0,0,10,26
04/02/15,50,35,43,-4,22,0,0,9.8,22
04/03/15,56,31,44,-4,21,0,0,6.4,14
04/04/15,68,39,54,6,11,0,0,11.6,23
04/05/15,70,48,59,11,6,0,0,13.2,30
04/06/15,57,42,50,2,15,0,0,11,23
04/07/15,64,39,52,4,13,0,0,13.2,29
04/08/15,55,37,46,-3,19,0.25,0,13.6,31
04/09/15,58,39,49,0,16,0.01,0,6.4,15
04/10/15,66,39,53,4,12,0,0,5,14
04/11/15,70,45,58,9,7,0.01,0,10.6,31
04/12/15,57,42,50,1,15,0.01,0,9.1,30
04/13/15,74,39,57,7,8,0,0,8.5,17
04/14/15,76,33,55,5,10,0.29,0.3,20.3,49
04/15/15,37,29,33,-17,32,0.51,5.5,6.5,29
04/16/15,55,32,44,-6,21,0.01,0.01,10.3,23
04/17/15,62,38,50,-1,15,0,0,7,18
04/18/15,67,41,54,3,11,0,0,5.5,16
04/19/15,68,43,56,5,9,0,0,6.7,15
04/20/15,69,43,56,4,9,0,0,5.6,15
04/21/15,75,45,60,8,5,0,0,7.7,16
04/22/15,74,48,61,9,4,0.01,0,10.6,28
04/23/15,69,51,60,8,5,0.01,0,6.5,30
04/24/15,68,46,57,4,8,0.48,0,10.1,23
04/25/15,59,42,51,-2,14,0.37,0,7.2,17
04/26/15,52,39,46,-7,19,0.42,0,11,28
04/27/15,60,39,50,-4,15,0,0,9.1,21
04/28/15,71,43,57,3,8,0,0,5.8,15
04/29/15,80,49,65,11,0,0,0,7.3,17
04/30/15,71,55,63,8,2,0,0,8.6,18
05/01/15,75,50,63,8,2,0,0,5.2,13
05/02/15,82,59,71,16,0,0,0,8.7,18
05/03/15,79,57,68,12,0,0.01,0,9.2,31
05/04/15,76,57,67,11,0,0.01,0,7.5,22
05/05/15,69,55,62,6,3,0.02,0,7.2,23
05/06/15,65,48,57,0,8,0.93,0,9.1,18
05/07/15,67,48,58,1,7,0.04,0,8.2,20
05/08/15,65,48,57,0,8,0.02,0,8,21
05/09/15,51,44,48,-10,17,0.92,0,5.9,12
05/10/15,61,44,53,-5,12,0,0,4.7,16
05/11/15,73,44,59,1,6,0,0,12,25
05/12/15,78,58,68,9,0,0.01,0,16.2,31
05/13/15,76,54,65,6,0,0,0,10.7,29
05/14/15,72,49,61,2,4,0.08,0,11.8,25
05/15/15,58,46,52,-8,13,0.01,0,13.5,24
05/16/15,52,44,48,-12,17,0.49,0,7.7,18
05/17/15,63,48,56,-4,9,0.53,0,3.5,21
05/18/15,67,49,58,-2,7,0.34,0,8,29
05/19/15,61,49,55,-6,10,0.14,0,6.6,24
05/20/15,68,50,59,-2,6,0.01,0,9,24
05/21/15,68,48,58,-3,7,0.01,0,5.8,21
05/22/15,64,51,58,-4,7,0.01,0,7.1,20
05/23/15,60,49,55,-7,10,0.19,0,6.4,17
05/24/15,66,47,57,-5,8,0.15,0,5.6,23
05/25/15,71,52,62,-1,3,0.01,0,6,14
05/26/15,62,55,59,-4,6,0.11,0,6.8,17
05/27/15,71,51,61,-2,4,0.1,0,8.1,33
05/28/15,71,51,61,-3,4,0.1,0,8.7,17
05/29/15,76,51,64,0,1,0,0,6,12
05/30/15,85,56,71,7,0,0,0,9.1,18
05/31/15,91,61,76,12,0,0,0,8.5,20
06/01/15,92,62,77,12,0,0,0,15.2,31
06/02/15,80,56,68,3,0,0,0,6.6,17
06/03/15,80,58,69,4,0,0.01,0,7.4,40
06/04/15,81,55,68,2,0,0,0,6.7,17
06/05/15,80,59,70,4,0,0.01,0,7.2,28
06/06/15,79,56,68,2,0,0.37,0,12.1,32
06/07/15,78,54,66,-1,0,0,0,5.2,12
06/08/15,86,59,73,6,0,0,0,6.5,14
06/09/15,89,64,77,10,0,0,0,6.7,16
06/10/15,84,69,77,9,0,0,0,10.9,20
06/11/15,78,65,72,4,0,0.15,0,6.6,25
06/12/15,87,61,74,6,0,0,0,7.4,17
06/13/15,88,61,75,6,0,0,0,5.7,16
06/14/15,89,62,76,7,0,0,0,6.2,16
06/15/15,91,69,80,11,0,0.13,0,13.6,25
06/16/15,91,63,77,7,0,0,0,6,14
06/17/15,94,62,78,8,0,0,0,6.6,14
06/18/15,98,68,83,13,0,0,0,9.7,18
06/19/15,94,71,83,12,0,0,0,8.1,18
06/20/15,93,63,78,7,0,0,0,6.9,17
06/21/15,96,65,81,9,0,0,0,10,25
06/22/15,91,65,78,6,0,0,0,6.5,16
06/23/15,94,62,78,6,0,0,0,6.5,16
06/24/15,97,69,83,10,0,0,0,7.3,18
06/25/15,96,68,82,9,0,0,0,6.1,15
06/26/15,99,68,84,10,0,0,0,4.4,13
06/27/15,101,72,87,13,0,0,0,6.1,14
06/28/15,102,74,88,14,0,0,0,6.7,14
06/29/15,104,78,91,16,0,0,0,7.7,15
06/30/15,101,77,89,14,0,0.01,0,8.2,32
07/01/15,98,75,87,12,0,0,0,6.2,15
07/02/15,98,76,87,11,0,0,0,7,15
07/03/15,99,74,87,11,0,0,0,6.9,13
07/04/15,99,79,89,13,0,0.01,0,7.3,25
07/05/15,89,69,79,2,0,0.03,0,6.4,16
07/06/15,89,68,79,2,0,0.01,0,8.2,30
07/07/15,86,66,76,-1,0,0.03,0,8.4,22
07/08/15,83,60,72,-6,0,0.93,0,9.8,30
07/09/15,85,60,73,-5,0,0.01,0,8.3,25
07/10/15,79,64,72,-6,0,0.02,0,7.9,26
07/11/15,88,66,77,-1,0,0,0,15,24
07/12/15,91,67,79,1,0,0,0,13.1,28
07/13/15,91,70,81,2,0,0,0,9.4,23
07/14/15,90,63,77,-2,0,0,0,7.2,18
07/15/15,90,70,80,1,0,0,0,8.3,20
07/16/15,94,65,80,1,0,0,0,6.1,16
07/17/15,88,70,79,0,0,0,0,10.3,24
07/18/15,83,64,74,-6,0,0,0,9.5,23
07/19/15,86,61,74,-6,0,0,0,5.8,16
07/20/15,83,62,73,-7,0,0.06,0,6.3,18
07/21/15,88,64,76,-4,0,0,0,7.2,13
07/22/15,86,68,77,-3,0,0.15,0,8.2,32
07/23/15,89,62,76,-4,0,0,0,7.7,25
07/24/15,92,63,78,-2,0,0,0,7.5,28
07/25/15,90,66,78,-2,0,0,0,7.4,16
07/26/15,98,70,84,4,0,0,0,12.7,25
07/27/15,84,61,73,-7,0,0,0,15.7,30
07/28/15,78,54,66,-14,0,0,0,7.1,16
07/29/15,86,53,70,-10,0,0,0,5,13
07/30/15,93,58,76,-4,0,0,0,7.2,15
07/31/15,95,62,79,-1,0,0,0,5.6,15
08/01/15,95,65,80,0,0,0,0,6.7,14
08/02/15,92,66,79,-1,0,0.01,0,9.5,33
08/03/15,75,62,69,-11,0,0.44,0,8.1,29
08/04/15,92,59,76,-4,0,0,0,4.8,14
08/05/15,90,63,77,-2,0,0.01,0,13.9,43
08/06/15,88,59,74,-5,0,0,0,6.8,14
08/07/15,84,61,73,-6,0,0.4,0,13.6,51
08/08/15,79,59,69,-10,0,0.01,0,6.9,18
08/09/15,87,58,73,-6,0,0,0,5.8,12
08/10/15,94,64,79,0,0,0,0,8.7,29
08/11/15,94,70,82,4,0,0.04,0,8.2,39
08/12/15,90,71,81,3,0,0,0,9.6,21
08/13/15,95,70,83,5,0,0,0,8.2,16
08/14/15,98,77,88,10,0,0,0,12.3,23
08/15/15,93,72,83,5,0,0,0,7.4,16
08/16/15,90,68,79,2,0,0,0,6.1,15
08/17/15,91,62,77,0,0,0,0,6.2,18
08/18/15,83,60,72,-5,0,0,0,6.8,16
08/19/15,86,61,74,-3,0,0,0,7,17
08/20/15,90,62,76,0,0,0,0,7.6,17
08/21/15,95,67,81,5,0,0,0,9.1,22
08/22/15,85,62,74,-2,0,0,0,6.9,15
08/23/15,92,59,76,1,0,0,0,6,13
08/24/15,98,70,84,9,0,0,0,9.8,18
08/25/15,98,71,85,10,0,0,0,8.4,20
08/26/15,84,68,76,2,0,0.01,0,7.5,20
08/27/15,88,65,77,3,0,0,0,7.2,15
08/28/15,94,66,80,6,0,0,0,8.2,14
08/29/15,96,73,85,11,0,0,0,15.3,24
08/30/15,88,70,79,6,0,0.01,0,9.9,20
08/31/15,87,62,75,2,0,0.01,0,6.9,17
09/01/15,92,71,82,10,0,0.01,0,14.8,35
09/02/15,92,74,83,11,0,0,0,18.6,29
09/03/15,89,74,82,10,0,0,0,19.3,31
09/04/15,88,72,80,9,0,0,0,19.7,32
09/05/15,79,53,66,-5,0,0.01,0,16.8,31
09/06/15,72,47,60,-10,5,0,0,4.9,16
09/07/15,79,51,65,-5,0,0,0,6.1,15
09/08/15,82,49,66,-4,0,0,0,5.6,14
09/09/15,87,55,71,2,0,0,0,6.6,12
09/10/15,89,57,73,4,0,0,0,6.9,15
09/11/15,90,57,74,6,0,0,0,6.3,15
09/12/15,92,59,76,8,0,0,0,6.3,15
09/13/15,91,61,76,9,0,0,0,8.5,15
09/14/15,80,64,72,5,0,0.18,0,11.5,29
09/15/15,72,57,65,-1,0,0.63,0,15.4,39
09/16/15,66,48,57,-9,8,0.93,0,14.2,30
09/17/15,66,51,59,-7,6,0.01,0,7.4,20
09/18/15,66,45,56,-9,9,0,0,5.4,13
09/19/15,73,46,60,-5,5,0,0,5.9,13
09/20/15,81,49,65,1,0,0,0,6.1,12
09/21/15,84,54,69,5,0,0,0,6.6,13
09/22/15,86,56,71,8,0,0,0,5.6,13
09/23/15,87,58,73,10,0,0,0,6.9,15
09/24/15,87,57,72,10,0,0,0,7.1,14
09/25/15,93,60,77,15,0,0,0,8.4,16
09/26/15,90,68,79,18,0,0,0,11.8,21
09/27/15,88,70,79,18,0,0,0,9.8,23
09/28/15,84,63,74,14,0,0,0,5.6,15
09/29/15,84,62,73,13,0,0,0,3.9,15
09/30/15,86,67,77,17,0,0.01,0,5.6,24
10/01/15,88,68,78,19,0,0,0,9.9,30
10/02/15,69,57,63,4,2,0.09,0,6.9,13
10/03/15,66,55,61,3,4,0.17,0,5.2,20
10/04/15,73,51,62,4,3,0.01,0,7.3,14
10/05/15,73,54,64,7,1,0,0,6,16
10/06/15,71,55,63,6,2,0.01,0,7.6,14
10/07/15,72,51,62,6,3,0,0,5.9,14
10/08/15,75,54,65,9,0,0,0,6.3,15
10/09/15,75,52,64,8,1,0,0,6,15
10/10/15,85,53,69,14,0,0,0,10.5,23
10/11/15,75,53,64,9,1,0,0,10.9,25
10/12/15,78,49,64,10,1,0,0,5.5,10
10/13/15,80,50,65,11,0,0,0,7.5,12
10/14/15,82,52,67,13,0,0,0,6.9,13
10/15/15,80,52,66,13,0,0,0,6.3,13
10/16/15,81,51,66,13,0,0,0,5.9,15
10/17/15,77,57,67,14,0,0.13,0,9.8,25
10/18/15,76,56,66,14,0,0.09,0,9.2,24
10/19/15,68,52,60,8,5,0,0,11.8,24
10/20/15,64,47,56,5,9,0.01,M,7.2,17
10/21/15,68,46,57,6,8,0,0,5.2,14
10/22/15,64,45,55,4,10,0.01,0,5.8,24
10/23/15,63,44,54,4,11,0,0,5,13
10/24/15,68,46,57,7,8,0,0,7,15
10/25/15,68,48,58,8,7,0,0,7.6,17
10/26/15,68,48,58,9,7,0,0,6.3,13
10/27/15,59,41,50,1,15,0,0,5.6,17
10/28/15,58,40,49,1,16,0,0,5.6,12
10/29/15,53,45,49,1,16,0.12,0,6,17
10/30/15,53,37,45,-2,20,0.01,M,6,16
10/31/15,66,48,57,10,8,0,0,10.2,17
11/01/15,71,50,61,14,4,0,0,10.8,26
11/02/15,73,49,61,15,4,0,0,14.3,29
11/03/15,63,42,53,7,12,0.02,0,16.8,43
11/04/15,45,37,41,-4,24,0.04,0.01,7.6,18
11/05/15,44,34,39,-6,26,0.01,0.01,4.5,16
11/06/15,46,33,40,-4,25,0.02,0.01,5,10
11/07/15,51,29,40,-4,25,0,0,5.3,10
11/08/15,59,29,44,0,21,0,0,7.7,21
11/09/15,64,38,51,8,14,0.08,0,16.7,38
11/10/15,39,33,36,-6,29,0.18,0.01,9.8,25
11/11/15,46,33,40,-2,25,0.01,0.01,6,13
11/12/15,51,32,42,0,23,0,0,7.3,15
11/13/15,52,30,41,0,24,0,0,5.5,10
11/14/15,55,30,43,2,22,0,0,4.8,13
11/15/15,59,37,48,8,17,0,0,15.7,32
11/16/15,46,31,39,-1,26,0.01,0,16.7,35
11/17/15,38,26,32,-7,33,0,0,5.8,17
11/18/15,49,33,41,2,24,0,0,9.2,20
11/19/15,52,31,42,4,23,0.01,0,7.9,15
11/20/15,50,27,39,1,26,0.01,0,10.1,25
11/21/15,45,23,34,-3,31,0,0,4.8,9
11/22/15,46,22,34,-3,31,0,0,4.5,8
11/23/15,46,23,35,-1,30,0,0,3.3,10
11/24/15,54,25,40,4,25,0,0,8,18
11/25/15,56,33,45,9,20,0.01,0,12.3,35
11/26/15,37,27,32,-3,33,0,0,7.5,21
11/27/15,35,21,28,-7,37,0,0,9.8,21
11/28/15,29,21,25,-9,40,0.04,0.9,5.1,13
11/29/15,30,20,25,-9,40,0.01,0.4,4.6,13
11/30/15,34,21,28,-6,37,0.01,0.1,7.4,16
12/01/15,38,19,29,-4,36,0,0,5,10
12/02/15,39,19,29,-4,36,0,0,5.1,13
12/03/15,43,20,32,-1,33,0,0,4.1,9
12/04/15,43,27,35,3,30,0,0,2.9,10
12/05/15,48,23,36,4,29,0,0,3.6,10
12/06/15,49,27,38,6,27,0,0,4.8,16
12/07/15,48,26,37,5,28,0.07,0,4.9,15
12/08/15,57,33,45,14,20,0.01,0,4.4,13
12/09/15,61,40,51,20,14,0.01,0,9.5,25
12/10/15,60,33,47,16,18,0.35,0,14.4,39
12/11/15,43,31,37,6,28,0,0,6.6,15
12/12/15,41,29,35,5,30,0.01,0.01,5.7,15
12/13/15,47,29,38,8,27,0.06,0.3,12.9,33
12/14/15,33,29,31,1,34,0.77,8.2,9.7,23
12/15/15,30,21,26,-4,39,0.01,1,5.3,14
12/16/15,34,25,30,0,35,0.04,0.9,5,17
12/17/15,32,13,23,-7,42,0.01,0.01,8.4,18
12/18/15,42,27,35,5,30,0,0,8.1,17
12/19/15,51,31,41,11,24,0,0,9.1,30
12/20/15,39,32,36,7,29,0.11,0.01,4.6,9
12/21/15,43,33,38,9,27,0.01,0,17,33
12/22/15,42,33,38,9,27,0.58,1.7,5.1,23
12/23/15,35,27,31,2,34,0.05,0.8,11.9,26
12/24/15,34,25,30,1,35,0.01,0.01,10.6,22
12/25/15,29,16,23,-6,42,0.12,1.3,11.8,23
12/26/15,25,12,19,-10,46,0,0,4.9,14
12/27/15,24,10,17,-12,48,0,0,5.4,15
12/28/15,23,14,19,-10,46,0.01,0.1,4.2,9
12/29/15,23,18,21,-8,44,0.03,0.9,3.7,8
12/30/15,28,13,21,-8,44,0.03,0.7,6.5,12
12/31/15,20,4,12,-17,53,0,0,4.4,10
01/01/16,21,-1,10,-19,55,0,0,2.9,12
01/02/16,24,4,14,-15,51,0,0,3,12
01/03/16,27,19,23,-6,42,0,0,2.1,8
01/04/16,30,17,24,-5,41,0,0,2.6,9
01/05/16,39,26,33,4,32,0.01,0.01,3.5,15
01/06/16,41,29,35,6,30,0.11,0,2.4,13
01/07/16,35,31,33,4,32,0.03,0.1,2.3,7
01/08/16,35,31,33,4,32,0.14,1.7,7.7,14
01/09/16,36,29,33,4,32,0.01,0.01,3.7,10
01/10/16,32,23,28,-1,37,0.01,0.01,4.8,10
01/11/16,34,19,27,-2,38,0,0,4.3,10
01/12/16,34,19,27,-2,38,0,0,4.5,14
01/13/16,31,18,25,-4,40,0,0,4.6,14
01/14/16,39,24,32,3,33,0.01,0.1,5.4,14
01/15/16,35,31,33,4,32,0.07,0.8,4.4,18
01/16/16,38,28,33,4,32,0.03,0.01,7.3,17
01/17/16,45,32,39,10,26,0.01,0,8.7,14
01/18/16,41,34,38,9,27,0.34,0.01,4.8,14
01/19/16,41,26,34,4,31,0.01,0,10.1,26
01/20/16,42,30,36,6,29,0.07,0,10.7,29
01/21/16,42,27,35,5,30,0,0,6.6,13
01/22/16,43,28,36,6,29,0,0,4.4,16
01/23/16,40,28,34,4,31,0.36,2.2,5,18
01/24/16,36,32,34,4,31,0.23,1.6,5.9,20
01/25/16,37,25,31,1,34,0.01,0.01,3.8,10
01/26/16,39,22,31,1,34,0,0,5.4,10
01/27/16,37,20,29,-1,36,0,0,4.8,13
01/28/16,41,23,32,2,33,0.01,0.01,5.8,16
01/29/16,48,26,37,7,28,0.03,0.01,11.2,24
01/30/16,48,23,36,6,29,0.5,4,8.5,22
01/31/16,31,19,25,-5,40,0.01,0.01,6.4,14
02/01/16,30,17,24,-7,41,0.06,0.5,12.1,29
02/02/16,28,14,21,-10,44,0.01,0.01,3.9,9
02/03/16,29,17,23,-8,42,0.01,0.5,8.8,14
02/04/16,30,19,25,-6,40,0.02,0.2,6.3,18
02/05/16,41,26,34,3,31,0.02,0.7,6,10
02/06/16,41,22,32,0,33,0,0,6.9,14
02/07/16,41,23,32,0,33,0,0,4.5,9
02/08/16,40,22,31,-1,34,0,0,4.3,9
02/09/16,40,24,32,0,33,0,0,4.7,9
02/10/16,33,26,30,-2,35,0.01,0.01,4,13
02/11/16,34,28,31,-2,34,0,0,4.7,13
02/12/16,34,29,32,-1,33,0.01,0.01,3.7,12
02/13/16,37,28,33,0,32,0,0,4.1,12
02/14/16,43,29,36,2,29,0.09,0.4,7,15
02/15/16,57,38,48,14,17,0.01,0,6.8,13
02/16/16,58,37,48,14,17,0,0,8.4,16
02/17/16,61,37,49,14,16,0,0,11.4,31
02/18/16,57,33,45,10,20,0.31,1.5,18.3,43
02/19/16,56,34,45,10,20,0,0,11.9,24
02/20/16,50,35,43,7,22,0.01,0,5.9,16
02/21/16,50,31,41,5,24,0,0,5.2,12
02/22/16,44,31,38,2,27,0.01,0.01,7.4,22
02/23/16,45,27,36,-1,29,0,0,5.2,12
02/24/16,51,29,40,3,25,0,0,5.9,12
02/25/16,55,30,43,5,22,0,0,5.2,12
02/26/16,62,32,47,9,18,0,0,6,14
02/27/16,65,37,51,13,14,0,0,10.2,31
02/28/16,59,32,46,7,19,0,0,4.7,12
02/29/16,54,38,46,7,19,0.01,0,6.9,17
03/01/16,61,35,48,9,17,0,0,9.3,17
03/02/16,59,39,49,9,16,0.01,0,7.7,24
03/03/16,68,38,53,13,12,0,0,7.7,16
03/04/16,69,42,56,16,9,0,0,5.2,17
03/05/16,68,50,59,18,6,0,0,10.4,21
03/06/16,62,34,48,7,17,0.6,0.01,15.3,39
03/07/16,49,34,42,1,23,0.01,0,5.1,13
03/08/16,52,32,42,0,23,0,0,4.6,13
03/09/16,52,40,46,4,19,0.04,0,6.7,17
03/10/16,68,40,54,12,11,0,0,13.1,21
03/11/16,65,49,57,14,8,0,0,12,26
03/12/16,61,44,53,10,12,0,0,7.5,18
03/13/16,60,41,51,8,14,0.01,0,7.9,24
03/14/16,55,34,45,1,20,0.24,0.1,11.5,32
03/15/16,41,32,37,-7,28,0.01,0.01,6.1,15
03/16/16,51,31,41,-3,24,0,0,6.3,15
03/17/16,54,38,46,2,19,0,0,9.6,20
03/18/16,49,31,40,-4,25,0,0,4.9,16
03/19/16,58,31,45,0,20,0,0,5,12
03/20/16,70,35,53,8,12,0,0,6.9,16
03/21/16,68,49,59,14,6,0,0,10.1,24
03/22/16,61,33,47,2,18,0.53,1.2,8.6,31
03/23/16,49,35,42,-4,23,0.01,0.01,10.1,23
03/24/16,56,37,47,1,18,0,0,9,17
03/25/16,48,37,43,-3,22,0.01,0.01,9.9,21
03/26/16,50,33,42,-4,23,0.01,0.01,7.1,20
03/27/16,63,38,51,5,14,0,0,13.2,28
03/28/16,48,33,41,-5,24,0.47,1.4,7.2,22
03/29/16,49,37,43,-4,22,0.25,0,9,22
03/30/16,48,37,43,-4,22,0.01,0,6.1,14
03/31/16,53,39,46,-1,19,0.07,0,5.7,24
04/01/16,57,34,46,-1,19,0,0,6.3,16
04/02/16,64,37,51,4,14,0,0,7.6,13
04/03/16,71,43,57,9,8,0,0,8.1,14
04/04/16,70,48,59,11,6,0.01,0,11.8,23
04/05/16,56,42,49,1,16,0,0,7.7,24
04/06/16,63,38,51,3,14,0,0,6.9,13
04/07/16,69,42,56,8,9,0,0,6.2,15
04/08/16,78,45,62,13,3,0,0,6.4,20
04/09/16,70,57,64,15,1,0,0,15.2,24
04/10/16,68,54,61,12,4,0.01,0,10.3,23
04/11/16,70,50,60,11,5,0,0,8.4,18
04/12/16,74,50,62,13,3,0.01,0,7.5,14
04/13/16,61,50,56,6,9,0.16,0,8.2,26
04/14/16,59,37,48,-2,17,0.65,0,10.3,30
04/15/16,53,34,44,-6,21,0.07,0.01,12.9,29
04/16/16,59,35,47,-3,18,0,0,14.5,29
04/17/16,61,37,49,-2,16,0,0,9.9,25
04/18/16,61,46,54,3,11,0,0,8.5,20
04/19/16,67,47,57,6,8,0,0,5.8,14
04/20/16,76,48,62,10,3,0,0,7,14
04/21/16,83,54,69,17,0,0,0,11,20
04/22/16,81,60,71,19,0,0,0,16.5,35
04/23/16,72,45,59,7,6,0.22,0,16.3,36
04/24/16,61,45,53,0,12,0.02,0,9,18
04/25/16,61,47,54,1,11,0.01,0,11.4,25
04/26/16,59,46,53,0,12,0.09,0,8.5,26
04/27/16,59,45,52,-2,13,0.14,0,7.6,22
04/28/16,58,47,53,-1,12,0.03,0,7.2,16
04/29/16,59,41,50,-4,15,0.01,0,5,14
04/30/16,62,43,53,-2,12,0,0,9.2,23
05/01/16,65,48,57,2,8,0,0,13.2,25
05/02/16,69,43,56,1,9,0,0,5.3,15
05/03/16,75,46,61,5,4,0,0,6.5,15
05/04/16,82,51,67,11,0,0,0,10.6,23
05/05/16,84,63,74,18,0,0,0,10.5,24
05/06/16,73,53,63,6,2,0.08,0,12.5,30
05/07/16,62,46,54,-3,11,0.16,0,6.2,17
05/08/16,55,50,53,-4,12,0.4,0,6.5,15
05/09/16,69,47,58,0,7,0.25,0,9.7,29
05/10/16,60,43,52,-6,13,0,0,8.2,20
05/11/16,62,41,52,-6,13,0,0,6,14
05/12/16,78,44,61,2,4,0,0,7,15
05/13/16,85,53,69,10,0,0,0,8.9,15
05/14/16,88,58,73,14,0,0,0,11.4,25
05/15/16,74,56,65,5,0,0.01,0,12.3,37
05/16/16,66,50,58,-2,7,0.01,0,6.9,23
05/17/16,70,54,62,2,3,0.01,0,8.9,20
05/18/16,76,51,64,4,1,0,0,5.3,15
05/19/16,82,56,69,8,0,0.21,0,15.7,33
05/20/16,80,55,68,7,0,0.01,0,14.5,35
05/21/16,71,49,60,-1,5,0.41,0,12.3,30
05/22/16,61,46,54,-8,11,0.02,0,5.9,25
05/23/16,70,44,57,-5,8,0,0,4.9,23
05/24/16,72,51,62,0,3,0.01,0,10.2,28
05/25/16,68,51,60,-3,5,0.01,0,5.6,21
05/26/16,72,48,60,-3,5,0,0,7,18
05/27/16,74,53,64,1,1,0.01,0,6.6,18
05/28/16,76,52,64,0,1,0.01,0,6.5,15
05/29/16,80,57,69,5,0,0.01,0,8.6,31
05/30/16,79,55,67,3,0,0.01,0,9.1,21
05/31/16,78,53,66,2,0,0,0,6.7,17
06/01/16,84,56,70,5,0,0,0,6.9,15
06/02/16,89,60,75,10,0,0,0,10.1,20
06/03/16,86,59,73,8,0,0,0,5.8,15
06/04/16,91,61,76,10,0,0,0,4.8,14
06/05/16,96,64,80,14,0,0,0,6.5,13
06/06/16,97,68,83,17,0,0,0,12.9,31
06/07/16,91,70,81,14,0,0.01,0,8.4,20
06/08/16,95,69,82,15,0,0,0,8.5,14
06/09/16,94,74,84,17,0,0,0,10.9,20
06/10/16,94,72,83,15,0,0,0,14.4,30
06/11/16,79,57,68,0,0,0.32,0,9.9,25
06/12/16,78,55,67,-1,0,0.01,0,7.3,29
06/13/16,74,57,66,-3,0,0.19,0,7.6,21
06/14/16,87,57,72,3,0,0,0,13.3,29
06/15/16,92,56,74,5,0,0,0,18.4,38
06/16/16,78,55,67,-3,0,0,0,10.5,25
06/17/16,90,56,73,3,0,0,0,7.9,24
06/18/16,95,69,82,12,0,0,0,14.2,24
06/19/16,88,62,75,4,0,0,0,6.4,15
06/20/16,100,65,83,12,0,0,0,6.8,15
06/21/16,96,71,84,12,0,0,0,7.8,17
06/22/16,98,65,82,10,0,0,0,5.2,13
06/23/16,98,73,86,14,0,0,0,8.6,18
06/24/16,91,67,79,6,0,0,0,11,22
06/25/16,81,58,70,-3,0,0,0,8.7,18
06/26/16,92,58,75,1,0,0,0,5.3,12
06/27/16,101,64,83,9,0,0,0,5.9,13
06/28/16,103,73,88,14,0,0,0,12.3,37
06/29/16,98,76,87,12,0,0.01,0,10.9,32
06/30/16,92,72,82,7,0,0.01,0,8.6,22
07/01/16,90,71,81,6,0,0,0,5.8,14
07/02/16,93,70,82,6,0,0,0,7.9,15
07/03/16,95,71,83,7,0,0,0,12.7,28
07/04/16,98,75,87,11,0,0.01,0,11.9,37
07/05/16,94,69,82,5,0,0,0,8.2,20
07/06/16,89,67,78,1,0,0,0,9.2,22
07/07/16,92,62,77,0,0,0,0,6,18
07/08/16,99,73,86,8,0,0,0,15.1,31
07/09/16,100,76,88,10,0,0,0,16.2,28
07/10/16,86,61,74,-4,0,0.01,0,16.6,31
07/11/16,76,51,64,-14,1,0,0,5.4,15
07/12/16,89,58,74,-4,0,0,0,7,17
07/13/16,90,61,76,-3,0,0,0,6.2,16
07/14/16,95,63,79,0,0,0,0,5.6,14
07/15/16,98,66,82,3,0,0,0,6.7,16
07/16/16,95,70,83,4,0,0,0,6.2,17
07/17/16,99,64,82,3,0,0,0,10.2,24
07/18/16,98,81,90,10,0,0,0,19,33
07/19/16,99,77,88,8,0,0,0,16.3,26
07/20/16,101,79,90,10,0,0,0,14.8,24
07/21/16,102,79,91,11,0,0,0,11.2,22
07/22/16,102,77,90,10,0,0.01,0,11.6,31
07/23/16,95,67,81,1,0,0,0,6.8,17
07/24/16,97,64,81,1,0,0,0,5.4,14
07/25/16,101,72,87,7,0,0,0,7.7,17
07/26/16,104,77,91,11,0,0,0,8.8,21
07/27/16,101,70,86,6,0,0,0,5.7,15
07/28/16,102,74,88,8,0,0,0,6.2,15
07/29/16,102,73,88,8,0,0,0,7.1,16
07/30/16,100,76,88,8,0,0.01,0,9.1,32
07/31/16,100,76,88,8,0,0,0,9,21
08/01/16,100,76,88,8,0,0,0,7.8,14
08/02/16,101,73,87,7,0,0,0,9.6,23
08/03/16,95,69,82,2,0,0,0,10.3,20
08/04/16,93,62,78,-2,0,0,0,7.8,17
08/05/16,92,71,82,3,0,0.01,0,8.7,18
08/06/16,94,71,83,4,0,0.03,0,12.7,24
08/07/16,98,71,85,6,0,0.04,0,13.3,30
08/08/16,97,66,82,3,0,0,0,8.6,21
08/09/16,98,73,86,7,0,0,0,15.6,32
08/10/16,90,62,76,-3,0,0.08,0,7.5,37
08/11/16,88,63,76,-2,0,0,0,8.7,21
08/12/16,92,62,77,-1,0,0,0,6.3,18
08/13/16,95,65,80,2,0,0,0,8.3,17
08/14/16,98,66,82,4,0,0,0,7.1,13
08/15/16,94,73,84,6,0,0,0,10.6,36
08/16/16,98,67,83,6,0,0,0,8.3,15
08/17/16,94,74,84,7,0,0,0,10.3,25
08/18/16,93,70,82,5,0,0,0,8,17
08/19/16,91,69,80,3,0,0,0,9.2,20
08/20/16,90,61,76,0,0,0,0,5.8,15
08/21/16,95,63,79,3,0,0,0,8.2,16
08/22/16,94,72,83,7,0,0,0,9.6,17
08/23/16,90,66,78,3,0,0,0,8,15
08/24/16,84,61,73,-2,0,0,0,7.7,24
08/25/16,84,55,70,-5,0,0,0,6.3,14
08/26/16,88,65,77,3,0,0,0,11,22
08/27/16,89,62,76,2,0,0,0,9.3,18
08/28/16,92,64,78,4,0,0,0,9.3,18
08/29/16,95,62,79,5,0,0,0,7.2,16
08/30/16,98,66,82,9,0,0,0,9,14
08/31/16,97,74,86,13,0,0,0,11,22
09/01/16,93,72,83,11,0,0.01,0,14.5,33
09/02/16,92,70,81,9,0,0,0,17.2,31
09/03/16,87,61,74,2,0,0,0,9.3,18
09/04/16,80,60,70,-1,0,0.01,0,10.7,26
09/05/16,75,52,64,-7,1,0,0,7.6,18
09/06/16,80,52,66,-4,0,0,0,5.5,16
09/07/16,84,57,71,1,0,0,0,6,15
09/08/16,83,54,69,-1,0,0,0,6.5,21
09/09/16,77,54,66,-3,0,0,0,6.8,18
09/10/16,83,50,67,-2,0,0,0,6.9,14
09/11/16,91,55,73,5,0,0,0,8.3,25
09/12/16,83,57,70,2,0,0.01,0,13.9,38
09/13/16,82,51,67,0,0,0.17,0,7.1,37
09/14/16,70,54,62,-5,3,0.09,0,11,25
09/15/16,68,53,61,-5,4,0,0,4.7,13
09/16/16,73,49,61,-5,4,0,0,5.1,13
09/17/16,80,51,66,0,0,0,0,7.5,15
09/18/16,88,57,73,8,0,0,0,8.8,16
09/19/16,92,60,76,11,0,0,0,9.8,22
09/20/16,89,60,75,11,0,0,0,9.1,25
09/21/16,84,60,72,8,0,0.02,0,16.7,24
09/22/16,79,49,64,1,1,0.89,0,13.4,32
09/23/16,51,47,49,-14,16,0.48,M,8.2,15
09/24/16,62,47,55,-7,10,0.22,M,7.1,17
09/25/16,68,46,57,-5,8,0,0,7.7,16
09/26/16,72,49,61,0,4,0,0,5.1,12
09/27/16,77,52,65,4,0,0,0,5.1,12
09/28/16,81,54,68,8,0,0.01,0,6.6,22
09/29/16,78,62,70,10,0,0,0,10.4,25
09/30/16,78,61,70,10,0,0,0,10.3,22
10/01/16,81,58,70,11,0,0.01,0,11.8,26
10/02/16,81,55,68,9,0,0.01,0,13.5,32
10/03/16,66,46,56,-2,9,0.01,0,14,31
10/04/16,60,41,51,-7,14,0,0,7.4,14
10/05/16,58,41,50,-7,15,0.1,0,7.3,28
10/06/16,59,38,49,-8,16,0.01,0,6.4,13
10/07/16,68,40,54,-2,11,0,0,7,15
10/08/16,71,41,56,0,9,0,0,5.6,10
10/09/16,77,45,61,5,4,0,0,6.9,14
10/10/16,80,55,68,13,0,0,0,11.4,24
10/11/16,70,50,60,5,5,0,0,8.2,17
10/12/16,67,43,55,1,10,0,0,4.2,9
10/13/16,75,44,60,6,5,0,0,6.3,15
10/14/16,74,58,66,12,0,0,0,16.1,38
10/15/16,76,53,65,12,0,0.01,0,8.8,26
10/16/16,72,45,59,6,6,0.01,0,12.7,33
10/17/16,59,43,51,-2,14,0.35,0,7.7,25
10/18/16,60,42,51,-1,14,0,0,7.2,29
10/19/16,56,41,49,-3,16,0.01,M,5.5,13
10/20/16,62,36,49,-2,16,0,0,4.7,13
10/21/16,68,37,53,2,12,0,0,4,12
10/22/16,70,40,55,4,10,0,0,4.6,15
10/23/16,76,44,60,10,5,0,0,6.7,18
10/24/16,67,59,63,13,2,0.01,0,13.8,31
10/25/16,70,51,61,11,4,0,0,9,21
10/26/16,75,49,62,13,3,0,0,8.3,22
10/27/16,78,54,66,17,0,0,0,15.1,29
10/28/16,79,55,67,19,0,0.1,0,9.9,28
10/29/16,73,54,64,16,1,0,0,7.3,25
10/30/16,72,50,61,14,4,0.06,0,14.8,36
10/31/16,59,46,53,6,12,0.25,0,5.8,26
11/01/16,54,41,48,1,17,0.01,0,7.2,15
11/02/16,56,36,46,0,19,0,0,4.5,13
11/03/16,60,36,48,2,17,0,0,4.6,10
11/04/16,61,37,49,4,16,0,0,4.1,10
11/05/16,62,39,51,6,14,0,0,3.5,8
11/06/16,68,41,55,11,10,0,0,5.1,13
11/07/16,65,40,53,9,12,0,0,4.6,10
11/08/16,66,41,54,10,11,0,0,4,9
11/09/16,69,41,55,12,10,0,0,4.4,14
11/10/16,64,41,53,11,12,0,0,3.7,9
11/11/16,66,41,54,12,11,0,0,4.5,10
11/12/16,67,43,55,13,10,0,0,5.6,15
11/13/16,64,38,51,10,14,0,0,5,10
11/14/16,70,42,56,15,9,0,0,7.8,16
11/15/16,73,44,59,19,6,0,0,5.8,16
11/16/16,59,34,47,7,18,0,0.06,12.7,32
